-- phpMyAdmin SQL Dump
-- version 3.3.9
-- http://www.phpmyadmin.net
--
-- Servidor: localhost
-- Tiempo de generación: 08-02-2012 a las 01:23:53
-- Versión del servidor: 5.5.8
-- Versión de PHP: 5.3.5

SET SQL_MODE="NO_AUTO_VALUE_ON_ZERO";


/*!40101 SET @OLD_CHARACTER_SET_CLIENT=@@CHARACTER_SET_CLIENT */;
/*!40101 SET @OLD_CHARACTER_SET_RESULTS=@@CHARACTER_SET_RESULTS */;
/*!40101 SET @OLD_COLLATION_CONNECTION=@@COLLATION_CONNECTION */;
/*!40101 SET NAMES utf8 */;

--
-- Base de datos: `diputapp`
--

-- --------------------------------------------------------

--
-- Estructura de tabla para la tabla `ciudad`
--

CREATE TABLE IF NOT EXISTS `ciudad` (
  `idciudad` int(11) NOT NULL AUTO_INCREMENT,
  `siglas` varchar(10) DEFAULT NULL,
  `nombre` varchar(60) DEFAULT NULL,
  `estado_idestado` int(11) NOT NULL,
  `referencia` int(11) DEFAULT NULL,
  PRIMARY KEY (`idciudad`),
  KEY `fk_ciudad_estado1` (`estado_idestado`)
) ENGINE=InnoDB  DEFAULT CHARSET=utf8 AUTO_INCREMENT=224 ;

--
-- Volcar la base de datos para la tabla `ciudad`
--

INSERT INTO `ciudad` (`idciudad`, `siglas`, `nombre`, `estado_idestado`, `referencia`) VALUES
(1, NULL, 'Jesus Maria', 1, 5),
(2, NULL, 'Aguascalientes', 1, 1),
(3, NULL, 'Mexicali', 2, 2),
(4, NULL, 'Ensenada', 2, 1),
(5, NULL, 'Tijuana', 2, 4),
(6, NULL, 'Mulege', 3, 2),
(7, NULL, 'Paz, La', 3, 3),
(8, NULL, 'Campeche', 4, 1),
(9, NULL, 'Carmen', 4, 3),
(10, NULL, 'Piedras Negras', 5, 25),
(11, NULL, 'San Pedro', 5, 33),
(12, NULL, 'Monclova', 5, 18),
(13, NULL, 'Saltillo', 5, 30),
(14, NULL, 'Torreon', 5, 35),
(15, NULL, 'Colima', 6, 1),
(16, NULL, 'Manzanillo', 6, 8),
(17, NULL, 'Palenque', 7, 65),
(18, NULL, 'Bochil', 7, 13),
(19, NULL, 'Ocosingo', 7, 59),
(20, NULL, 'Ocozocoautla De Espinosa', 7, 61),
(21, NULL, 'San Cristobal De Las Casas', 7, 77),
(22, NULL, 'Tuxtla Gutierrez', 7, 102),
(23, NULL, 'Tonala', 7, 97),
(24, NULL, 'Comitan De Dominguez', 7, 19),
(25, NULL, 'Villaflores', 7, 109),
(26, NULL, 'Huixtla', 7, 40),
(27, NULL, 'Tapachula', 7, 90),
(28, NULL, 'Juarez', 8, 37),
(29, NULL, 'Delicias', 8, 21),
(30, NULL, 'Chihuahua', 8, 19),
(31, NULL, 'Cuauhtemoc', 8, 17),
(32, NULL, 'Hidalgo Del Parral', 8, 32),
(33, NULL, 'Distrito Federal', 9, 1),
(34, NULL, 'Durango', 10, 5),
(35, NULL, 'Gomez Palacio', 10, 7),
(36, NULL, 'Guadalupe Victoria', 10, 8),
(37, NULL, 'San Luis De La Paz', 11, 33),
(38, NULL, 'Allende', 11, 3),
(39, NULL, 'Leon', 11, 20),
(40, NULL, 'Guanajuato', 11, 15),
(41, NULL, 'San Francisco Del Rincon', 11, 31),
(42, NULL, 'Salamanca', 11, 27),
(43, NULL, 'Irapuato', 11, 17),
(44, NULL, 'Uriangato', 11, 41),
(45, NULL, 'Penjamo', 11, 23),
(46, NULL, 'Celaya', 11, 7),
(47, NULL, 'Valle De Santiago', 11, 42),
(48, NULL, 'Acambaro', 11, 2),
(49, NULL, 'Pungarabato', 12, 51),
(50, NULL, 'Iguala De La Independencia', 12, 36),
(51, NULL, 'Jose Azueta', 12, 39),
(52, NULL, 'Acapulco De Juarez', 12, 1),
(53, NULL, 'Tlapa De Comonfort', 12, 67),
(54, NULL, 'Chilapa De Alvarez', 12, 28),
(55, NULL, 'Chilpancingo De Los Bravo', 12, 29),
(56, NULL, 'Ayutla De Los Libres', 12, 12),
(57, NULL, 'Huejutla De Reyes', 13, 28),
(58, NULL, 'Ixmiquilpan', 13, 30),
(59, NULL, 'Actopan', 13, 3),
(60, NULL, 'Tulancingo De Bravo', 13, 76),
(61, NULL, 'Tula De Allende', 13, 75),
(62, NULL, 'Pachuca De Soto', 13, 47),
(63, NULL, 'Tepeapulco', 13, 61),
(64, NULL, 'Tequila', 14, 95),
(65, NULL, 'Lagos De Moreno', 14, 55),
(66, NULL, 'Tepatitlan De Morelos', 14, 94),
(67, NULL, 'Zapopan', 14, 120),
(68, NULL, 'Puerto Vallarta', 14, 69),
(69, NULL, 'Tonala', 14, 102),
(70, NULL, 'Guadalajara', 14, 41),
(71, NULL, 'Tlajomulco De Zuã‘iga', 14, 98),
(72, NULL, 'Barca, La', 14, 18),
(73, NULL, 'Tlaquepaque', 14, 99),
(74, NULL, 'Jocotepec', 14, 52),
(75, NULL, 'Autlan De Navarro', 14, 15),
(76, NULL, 'Zapotlan El Grande', 14, 23),
(77, NULL, 'Jilotepec', 15, 46),
(78, NULL, 'Teoloyucan', 15, 92),
(79, NULL, 'Atlacomulco', 15, 14),
(80, NULL, 'Nicolas Romero', 15, 61),
(81, NULL, 'Teotihuacan', 15, 93),
(82, NULL, 'Coacalco De Berriozabal', 15, 20),
(83, NULL, 'Cuautitlan Izcalli', 15, 25),
(84, NULL, 'Tultitlan', 15, 110),
(85, NULL, 'Ixtlahuaca', 15, 43),
(86, NULL, 'Ecatepec De Morelos', 15, 34),
(87, NULL, 'Ixtapaluca', 15, 40),
(88, NULL, 'Atizapan De Zaragoza', 15, 13),
(89, NULL, 'Tlalnepantla De Baz', 15, 105),
(90, NULL, 'Huixquilucan', 15, 38),
(91, NULL, 'Nezahualcoyotl', 15, 60),
(92, NULL, 'Naucalpan De Juarez', 15, 58),
(93, NULL, 'Valle De Bravo', 15, 111),
(94, NULL, 'Chimalhuacan', 15, 32),
(95, NULL, 'Toluca', 15, 107),
(96, NULL, 'Metepec', 15, 55),
(97, NULL, 'Zumpango', 15, 121),
(98, NULL, 'Valle De Chalco Solidaridad', 15, 122),
(99, NULL, 'Chalco', 15, 26),
(100, NULL, 'Tenancingo', 15, 89),
(101, NULL, 'Tejupilco', 15, 83),
(102, NULL, 'Cuautitlan', 15, 24),
(103, NULL, 'Texcoco', 15, 100),
(104, NULL, 'Paz, La', 15, 71),
(105, NULL, 'Zinacantepec', 15, 119),
(106, NULL, 'Lazaro Cardenas', 16, 50),
(107, NULL, 'Puruandiro', 16, 72),
(108, NULL, 'Zitacuaro', 16, 113),
(109, NULL, 'Jiquilpan', 16, 45),
(110, NULL, 'Zamora', 16, 109),
(111, NULL, 'Hidalgo', 16, 34),
(112, NULL, 'Zacapu', 16, 108),
(113, NULL, 'Morelia', 16, 54),
(114, NULL, 'Uruapan', 16, 103),
(115, NULL, 'Patzcuaro', 16, 67),
(116, NULL, 'Apatzingan', 16, 6),
(117, NULL, 'Cuernavaca', 17, 7),
(118, NULL, 'Jiutepec', 17, 11),
(119, NULL, 'Cuautla', 17, 6),
(120, NULL, 'Jojutla', 17, 12),
(121, NULL, 'Yautepec', 17, 29),
(122, NULL, 'Santiago Ixcuintla', 18, 15),
(123, NULL, 'Tepic', 18, 17),
(124, NULL, 'Compostela', 18, 5),
(125, NULL, 'Santa Catarina', 19, 48),
(126, NULL, 'Apodaca', 19, 6),
(127, NULL, 'Gral. Escobedo', 19, 21),
(128, NULL, 'San Nicolas De Los Garza', 19, 47),
(129, NULL, 'Monterrey', 19, 40),
(130, NULL, 'Guadalupe', 19, 26),
(131, NULL, 'Linares', 19, 34),
(132, NULL, 'Cadereyta Jimenez', 19, 9),
(133, NULL, 'San Juan Bautista Tuxtepec', 20, 182),
(134, NULL, 'Teotitlan De Flores Magon', 20, 545),
(135, NULL, 'Heroica Ciudad De Huajuapan De Leon', 20, 37),
(136, NULL, 'Tlacolula De Matamoros', 20, 550),
(137, NULL, 'Santo Domingo Tehuantepec', 20, 515),
(138, NULL, 'Heroica Ciudad De Tlaxiaco', 20, 553),
(139, NULL, 'Juchitan De Zaragoza', 20, 43),
(140, NULL, 'Oaxaca De Juarez', 20, 66),
(141, NULL, 'Santa Lucia Del Camino', 20, 392),
(142, NULL, 'Miahuatlan De Porfirio Diaz', 20, 59),
(143, NULL, 'Santiago Pinotepa Nacional', 20, 484),
(144, NULL, 'Huauchinango', 21, 72),
(145, NULL, 'Zacatlan', 21, 208),
(146, NULL, 'Teziutlan', 21, 173),
(147, NULL, 'Zacapoaxtla', 21, 207),
(148, NULL, 'San Martin Texmelucan', 21, 133),
(149, NULL, 'Puebla', 21, 115),
(150, NULL, 'Tepeaca', 21, 163),
(151, NULL, 'Chalchicomula De Sesma', 21, 46),
(152, NULL, 'San Pedro Cholula', 21, 141),
(153, NULL, 'Atlixco', 21, 19),
(154, NULL, 'Izucar De Matamoros', 21, 87),
(155, NULL, 'Tehuacan', 21, 155),
(156, NULL, 'Ajalpan', 21, 10),
(157, NULL, 'Cadereyta De Montes', 22, 3),
(158, NULL, 'San Juan Del Rio', 22, 16),
(159, NULL, 'Queretaro', 22, 14),
(160, NULL, 'Solidaridad', 23, 8),
(161, NULL, 'Othon P. Blanco', 23, 7),
(162, NULL, 'Benito Juarez', 23, 1),
(163, NULL, 'Matehuala', 24, 20),
(164, NULL, 'Soledad De Graciano Sanchez', 24, 35),
(165, NULL, 'Rioverde', 24, 24),
(166, NULL, 'Ciudad Valles', 24, 13),
(167, NULL, 'San Luis Potosi', 24, 28),
(168, NULL, 'Tamazunchale', 24, 37),
(169, NULL, 'Fuerte, El', 25, 10),
(170, NULL, 'Ahome', 25, 1),
(171, NULL, 'Salvador Alvarado', 25, 15),
(172, NULL, 'Guasave', 25, 11),
(173, NULL, 'Culiacan', 25, 6),
(174, NULL, 'Mazatlan', 25, 12),
(175, NULL, 'San Luis Rio Colorado', 26, 55),
(176, NULL, 'Nogales', 26, 30),
(177, NULL, 'Hermosillo', 26, 49),
(178, NULL, 'Guaymas', 26, 61),
(179, NULL, 'Cajeme', 26, 59),
(180, NULL, 'Navojoa', 26, 65),
(181, NULL, 'Macuspana', 27, 12),
(182, NULL, 'Cardenas', 27, 2),
(183, NULL, 'Comalcalco', 27, 5),
(184, NULL, 'Centro', 27, 4),
(185, NULL, 'Paraiso', 27, 14),
(186, NULL, 'Nuevo Laredo', 28, 27),
(187, NULL, 'Reynosa', 28, 32),
(188, NULL, 'Rio Bravo', 28, 33),
(189, NULL, 'Matamoros', 28, 22),
(190, NULL, 'Victoria', 28, 41),
(191, NULL, 'Mante, El', 28, 21),
(192, NULL, 'Ciudad Madero', 28, 9),
(193, NULL, 'Tampico', 28, 38),
(194, NULL, 'Apizaco', 29, 3),
(195, NULL, 'Tlaxcala', 29, 33),
(196, NULL, 'Zacatelco', 29, 44),
(197, NULL, 'Panuco', 30, 124),
(198, NULL, 'Tantoyuca', 30, 156),
(199, NULL, 'Tuxpan', 30, 188),
(200, NULL, 'Veracruz', 30, 192),
(201, NULL, 'Poza Rica De Hidalgo', 30, 132),
(202, NULL, 'Papantla', 30, 125),
(203, NULL, 'Martinez De La Torre', 30, 103),
(204, NULL, 'Xalapa', 30, 89),
(205, NULL, 'Coatepec', 30, 40),
(206, NULL, 'Coatzacoalcos', 30, 41),
(207, NULL, 'Huatusco', 30, 73),
(208, NULL, 'Minatitlan', 30, 109),
(209, NULL, 'Orizaba', 30, 119),
(210, NULL, 'Cordoba', 30, 46),
(211, NULL, 'Cosamaloapan', 30, 47),
(212, NULL, 'Zongolica', 30, 201),
(213, NULL, 'San Andres Tuxtla', 30, 142),
(214, NULL, 'Acayucan', 30, 3),
(215, NULL, 'Cosoleacaque', 30, 50),
(216, NULL, 'Valladolid', 31, 102),
(217, NULL, 'Progreso', 31, 59),
(218, NULL, 'Merida', 31, 50),
(219, NULL, 'Ticul', 31, 89),
(220, NULL, 'Fresnillo', 32, 10),
(221, NULL, 'Jerez', 32, 20),
(222, NULL, 'Zacatecas', 32, 56),
(223, NULL, 'Guadalupe', 32, 17);

-- --------------------------------------------------------

--
-- Estructura de tabla para la tabla `comision`
--

CREATE TABLE IF NOT EXISTS `comision` (
  `idcomision` int(11) NOT NULL AUTO_INCREMENT,
  `nombre` varchar(85) DEFAULT NULL,
  `ubicacion` varchar(30) DEFAULT NULL,
  `extension` varchar(45) DEFAULT NULL,
  `sitio` varchar(150) DEFAULT NULL,
  `tipo` enum('ordinarias','especiales') DEFAULT NULL,
  PRIMARY KEY (`idcomision`)
) ENGINE=InnoDB  DEFAULT CHARSET=utf8 AUTO_INCREMENT=230 ;

--
-- Volcar la base de datos para la tabla `comision`
--

INSERT INTO `comision` (`idcomision`, `nombre`, `ubicacion`, `extension`, `sitio`, `tipo`) VALUES
(5, 'Agricultura y Ganadería', 'E. "D", 2° P.', '58088', 'http://www3.diputados.gob.mx/comisionLXI_agricultura_ganaderia', 'ordinarias'),
(6, 'Asuntos Indígenas', 'E. "D", 4° P.', '57013, 58239', 'http://www3.diputados.gob.mx/comisionLXI_asuntos_indigenas', 'ordinarias'),
(7, 'Atención a Grupos Vulnerables', 'E. "D", P.B.', '57017, 57018', 'http://www3.diputados.gob.mx/camara/content/view/full/212034', 'ordinarias'),
(8, 'Ciencia y Tecnología', 'E. "F", 2° P.', '57027, 57024', 'http://www3.diputados.gob.mx/comisionLXI_ccyt', 'ordinarias'),
(9, 'Comunicaciones', 'E. "F", 2° P.', '57032, 57034', '', 'ordinarias'),
(10, 'Cultura', 'E. "D", 3° P.', '57040, 54218', 'http://www3.diputados.gob.mx/comisionLXI_cultura/', 'ordinarias'),
(11, 'Defensa Nacional', 'E. "F", 4° P.', '57048, 57045', 'http://www3.diputados.gob.mx/comisionLXI_defensa_nacional', 'ordinarias'),
(12, 'Derechos Humanos', 'E. "A", 2° P.', '8204, 2277', 'http://www3.diputados.gob.mx/comisionLXI_derechos_humanos', 'ordinarias'),
(13, 'Desarrollo Metropolitano', 'E. "D", 1° P.', '54019, 54015', 'http://www3.diputados.gob.mx/camara/001_diputados/010_comisioneslxi/001_ordinarias/009_desarrollo_metropolitano', 'ordinarias'),
(14, 'Desarrollo Rural', 'E. "D", 4° P.', '57062, 57060', 'http://www3.diputados.gob.mx/camara/001_diputados/010_comisioneslxi/001_ordinarias/010_desarrollo_rural', 'ordinarias'),
(15, 'Desarrollo Social', 'E. "D", 2° P.', '57069, 57068', '', 'ordinarias'),
(16, 'Distrito Federal', 'E. "D", 4° P.', '57071, 57073', 'http://www3.diputados.gob.mx/comisionLXI_df', 'ordinarias'),
(17, 'Economía', 'E. "D", 3° P.', '57080, 57083', 'http://www3.diputados.gob.mx/comisionLXI_economia', 'ordinarias'),
(18, 'Educación Pública y Servicios Educativos', 'E. "F", 4° P.', '57090, 57087', 'http://www3.diputados.gob.mx/camara/001_diputados/010_comisioneslxi/001_ordinarias/014_educacion_publica_y_servicios_educativos', 'ordinarias'),
(19, 'Energía', 'E. "F", 4° P.', '57097, 58150', 'http://www3.diputados.gob.mx/ComisionLXI_energia', 'ordinarias'),
(20, 'Equidad y Género', 'E. "D", 2° P.', '57100, 57101', 'http://www3.diputados.gob.mx/comisionLXI_equidad_genero', 'ordinarias'),
(21, 'Fomento Cooperativo y Economía Social', 'E. "F", 1° P.', '57108, 57111', '', 'ordinarias'),
(22, 'Fortalecimiento al Federalismo', 'E. "F", 4° P.', '57115, 57113', 'http://www3.diputados.gob.mx/comisionLXI_fortalecimiento_federalismo', 'ordinarias'),
(23, 'Función Pública', 'E. "G", 3° P.', '55190, 54209', '', 'ordinarias'),
(24, 'Gobernación', 'E. "D", 3° P.', '57130, 57131', 'http://www3.diputados.gob.mx/comisionLXI_gobernacion', 'ordinarias'),
(25, 'Hacienda y Crédito Público', 'E. "D", 2° P.', '57139, 57125', '', 'ordinarias'),
(26, 'Jurisdiccional', 'E. "F", 1° P.', '57146, 57143', '', 'ordinarias'),
(27, 'Justicia', 'E. "D", 4° P.', '57149, 57148', '', 'ordinarias'),
(28, 'Juventud y Deporte', 'E. "D", 1° P.', '57156, 57160', 'http://www3.diputados.gob.mx/comisionLXI_juventud_deporte', 'ordinarias'),
(29, 'Marina', 'E. "D", 4° P.', '57167, 57166', '', 'ordinarias'),
(30, 'Medio Ambiente y Recursos Naturales', 'E. "F", 3° P.', '57170, 57172', 'http://www3.diputados.gob.mx/comisionLXI_medio_ambiente', 'ordinarias'),
(31, 'Participación Ciudadana', 'E. "F", 4° P.', '57177, 57181', '', 'ordinarias'),
(32, 'Pesca', 'E. "D", 4° P.', '57188, 57186', '', 'ordinarias'),
(33, 'Población, Fronteras y Asuntos Migratorios', 'E. "D", 4° P.', '57195, 57194', 'http://www3.diputados.gob.mx/ComisionLXI_poblacion', 'ordinarias'),
(34, 'Presupuesto y Cuenta Pública', 'E. "D", P.B.', '57198, 57200', 'http://www3.diputados.gob.mx/camara/001_diputados/010_comisioneslxi/001_ordinarias/030_presupuesto_y_cuenta_publica', 'ordinarias'),
(35, 'Puntos Constitucionales', 'E. "D", 3° P.', '57207, 57209', '', 'ordinarias'),
(36, 'Radio, Televisión y Cinematografía', 'E. "D", 3° P.', '57212, 57214', 'http://www3.diputados.gob.mx/comisionLXI_rtc', 'ordinarias'),
(37, 'Recursos Hidráulicos', 'E. "F", 1° P.', '57222, 57220', 'http://www3.diputados.gob.mx/camara/001_diputados/010_comisioneslxi/001_ordinarias/033_recursos_hidraulicos', 'ordinarias'),
(38, 'Reforma Agraria', 'E. "F", 2° P.', '57230, 57229', 'http://www3.diputados.gob.mx/comisionLXI_reforma_agraria', 'ordinarias'),
(39, 'Régimen, Reglamentos y Prácticas Parlamentarias', 'E. "F", 1° P.', '57233, 58073', 'http://www3.diputados.gob.mx/camara/001_diputados/010_comisioneslxi/001_ordinarias/035_regimen_reglamentos_y_practicas_parlamentarias', 'ordinarias'),
(40, 'Relaciones Exteriores', 'E. "D", P.B.', '57240, 57243', 'http://www3.diputados.gob.mx/camara/content/view/full/212072', 'ordinarias'),
(41, 'Salud', 'E. "F", 2° P.', '57247, 57248', 'http://www3.diputados.gob.mx/camara/001_diputados/010_comisioneslxi/001_ordinarias/037_salud', 'ordinarias'),
(42, 'Seguridad Pública', 'E. "F", 3° P.', '57254', 'http://www3.diputados.gob.mx/ComisionesLXI/Seguridad_Publica', 'ordinarias'),
(43, 'Seguridad Social', 'E. "D", 2° P.', '58007, 58069', 'http://www3.diputados.gob.mx/comisionLXI_seguridad_social', 'ordinarias'),
(44, 'Trabajo y Previsión Social', 'E. "F", 4° P.', '58014, 58015', '', 'ordinarias'),
(45, 'Transportes', 'E. "F", 1° P.', '58025, 58024', 'http://www3.diputados.gob.mx/comisionLXI_transportes', 'ordinarias'),
(46, 'Turismo', 'E. "G", 2° P.', '58032, 56210', 'http://www3.diputados.gob.mx/comisionLXI_turismo', 'ordinarias'),
(47, 'Vigilancia de la Auditoría Superior de la Federación', 'E. "F", 2° P.', '58037, 58036', '', 'ordinarias'),
(48, 'Vivienda', 'E. "D", 2° P.', '58046, 58181', 'http://www3.diputados.gob.mx/comisionLXI_vivienda', 'ordinarias'),
(49, 'Para analizar el Presupuesto de Gastos Fiscales', 'E. "G", P.B.', '4124, 8212', '', 'especiales'),
(64, 'Vigilancia y Seguimiento de la Industria Azucarera', 'E. "D", Bas.', '67160, 67161', '', 'especiales'),
(65, 'Región Cuenca de Burgos', 'E. "G", 3° P.', '67081, 58180', 'http://www3.diputados.gob.mx/comisionLXI_cuenca_burgos', 'especiales'),
(66, 'Seguimiento y Análisis del Daño Ecológico, Impacto Social y Económico Generado por PE', 'E. "B", 4° P.', '56079, 8313', 'http://www3.diputados.gob.mx/comisionLXI_cedegep', 'especiales'),
(67, 'Industria Automotriz', 'E. "G", 3° P.', '67168, 67167', 'http://www3.diputados.gob.mx/comisionLXI_CEIA', 'especiales'),
(68, 'Análisis de Políticas de Creación de Nuevos Empleos', 'E. "D", Bas.', '67164, 67163', '', 'especiales'),
(69, 'En Materia de Protección Civil', 'E. "B", 4° P.', '56098', 'http://www3.diputados.gob.mx/camara/001_diputados/010_comisioneslxi/002_especiales/003_en_materia_de_proteccion_civil', 'especiales'),
(70, 'Cuenca de los Ríos Grijalva-Usumacinta', 'E. "B", 4° P.', '56064', '', 'especiales'),
(71, 'Encargada de Impulsar y dar Seguimiento a los Programas y Proyectos de Desarrollo Reg', 'E. "B", 4° P.', '67165, 67166', '', 'especiales'),
(72, 'Desarrollo de Microrregiones', 'E. "D", 2° P.', '55175, 57199', 'http://www3.diputados.gob.mx/comisionLXI_microregiones', 'especiales'),
(73, 'Industria Manufacturera de Exportación', 'E. "G", 2° P.', '1724', 'http://www3.diputados.gob.mx/comisionLXI_industria_manufacturera', 'especiales'),
(74, 'Apoyo a los Festejos del Bicentenario de la Independencia y el Centenario de la Revol', 'E. "H", 1° P.', '7232, 66100, 59157', 'http://www3.diputados.gob.mx/comisionLXI_festejos_bicentenario', 'especiales'),
(75, 'Cuenca Lerma-Chapala-Santiago', 'E. "H", 2° P.', '59086, 59179', 'http://www3.diputados.gob.mx/camara/001_diputados/010_comisioneslxi/002_especiales/026_cuenca_lerma_chapala_santiago', 'especiales'),
(76, 'Lucha contra la Trata de Personas', 'E. "A", Bas.', '51170', '', 'especiales'),
(77, 'Del Café', 'E. "H", 2° P.', '59262', '', 'especiales'),
(78, 'Citricultura', 'E. "H", 4° P.', '59301, 59299', '', 'especiales'),
(79, 'Seguimiento a las agresiones a Periodistas y Medios de Comunicación', 'E. "H", 2° P.', '51192, 51218', 'http://www3.diputados.gob.mx/comisionLXI_agresiones_periodistas', 'especiales'),
(80, 'Seguimiento de la implementación de la Reforma Constitucional en materia de Fiscaliza', 'E. "H", 4° P.', '59255, 59009', '', 'especiales'),
(81, 'Encargada de Estudiar, Analizar, Evaluar y Supervisar el funcionamiento de las aduana', 'E. "B", 3° P.', '56129, 56130', '', 'especiales'),
(82, 'Sobre la No Discriminación', 'E. "B", 3° P.', '56338, 3703', 'http://www3.diputados.gob.mx/comisionLXI_nodiscriminacion', 'especiales'),
(83, 'Conocer y dar Seguimiento Puntual y Exhaustivo a las Acciones que han emprendido las ', 'E. "B", 3° P.', '56327, 56328', 'http://www3.diputados.gob.mx/comisionLXI_feminicidios', 'especiales'),
(84, 'Atención de los asuntos de la frontera sur, encargada de impulsar y dar seguimiento a', 'E. "B", 1° P.', '56160', 'http://www3.diputados.gob.mx/comisionLXI_frontera_sur', 'especiales'),
(85, 'Seguimiento a las evaluaciones practicadas a los programas que conforman el Programa ', 'E. "B", P.B.', '3101, 8378', 'http://www3.diputados.gob.mx/camara/content/view/full/244364', 'especiales'),
(86, 'Competitividad', 'E. "H", 3° P.', '59093', 'http://www3.diputados.gob.mx/camara/001_diputados/010_comisioneslxi/002_especiales/017_competitividad', 'especiales'),
(87, 'Acceso Digital', 'E. "H", 3° P.', '67189, 59136', 'http://www3.diputados.gob.mx/CEAD', 'especiales'),
(88, 'Impulso a la Calidad Educativa', 'E. "F", 2° P.', '57025, 58098', 'http://www3.diputados.gob.mx/comisionLXI_calidad_educativa', 'especiales'),
(89, 'Seguimiento a los Fondos Aportados por los Ex-trabajadores Mexicanos Braceros', 'E. "D", Bas.', '67158, 67159', '', 'especiales'),
(90, 'Sobre Cambio Climático', 'E. "H", 2° P.', '51172, 59146', 'http://www3.diputados.gob.mx/especial_cambio_climatico', 'especiales'),
(91, 'Encargada de Vigilar el correcto uso de los Recursos Federales, Estatales y Municipal', 'E. "H", 2° P.', '51217', 'http://www3.diputados.gob.mx/comisionLXI_denuncia_electoral', 'especiales'),
(111, 'Para la Niñez', 'E. "H", 2° P.', '59164, 59178', 'http://www3.diputados.gob.mx/camara/001_diputados/010_comisioneslxi/002_especiales/010_ninez', 'especiales'),
(112, 'Para la Familia', 'E. "E", 3° P.', '53095, 53093', 'http://www3.diputados.gob.mx/comisionLXI_familia', 'especiales'),
(113, 'Cuenca del Sistema Cutzamala', 'E. "G", Bas.', '4032, 4033', 'http://www3.diputados.gob.mx/especial_cuenca_cutzamala', 'especiales'),
(114, 'Ganadería', 'E. "B", 2° P.', '66369', '', 'especiales'),
(115, 'Seguimiento y Supervisión de los Resultados y Avances del Proyecto "Aceite del Tercia', 'E. "H", 1° P.', '66185, 1715', '', 'especiales'),
(116, 'Energías Renovables', 'E. "F", 3° P.', '58205', '', 'especiales'),
(117, 'Seguimiento a la problemática surgida por los conflictos mineros en el país', 'E. "B", 4° P.', '56050, 8374', '', 'especiales'),
(120, 'Para Impulsar el Desarrollo de la Industria Vitivínicola y Productos de la Vid', 'E. "H", 2° P.', '51162, 51160', 'http://www3.diputados.gob.mx/comisionLXI_industria_vitivinicola', 'especiales'),
(121, 'Para Analizar los Esquemas de Tercerización de Servicios en el Sector Público', 'E. "B", 3° P.', '56397, 56396', '', 'especiales'),
(122, 'Seguimiento a Nuevas Inversiones en Salud, Recursos del FONDEN y del Fondo de Reconst', 'E. "H", 1° P.', '7264, 7244', '', 'especiales'),
(223, 'Pluripartidista que se encargue de investigar las denuncias ciudadanas contenidas en ', 'E. "E", P.B.', '66223, 2348', '', 'especiales'),
(225, 'Sobre Migración', 'E. "G", 2° P.', '8238', '', 'especiales'),
(229, 'Para Conmemorar el 150 Aniversario de la Batalla de Puebla, realizada el 5 de mayo de', '.', '', '', 'especiales');

-- --------------------------------------------------------

--
-- Estructura de tabla para la tabla `diputado`
--

CREATE TABLE IF NOT EXISTS `diputado` (
  `iddiputado` int(11) NOT NULL AUTO_INCREMENT,
  `nombre` varchar(45) DEFAULT NULL,
  `partido_idpartido` int(11) NOT NULL,
  `distrito_iddistrito` int(11) NOT NULL,
  `ubicacion` varchar(30) DEFAULT NULL,
  `extension` varchar(30) DEFAULT NULL,
  PRIMARY KEY (`iddiputado`),
  KEY `fk_diputado_partido` (`partido_idpartido`),
  KEY `fk_diputado_distrito1` (`distrito_iddistrito`)
) ENGINE=InnoDB  DEFAULT CHARSET=utf8 AUTO_INCREMENT=1002 ;

--
-- Volcar la base de datos para la tabla `diputado`
--

INSERT INTO `diputado` (`iddiputado`, `nombre`, `partido_idpartido`, `distrito_iddistrito`, `ubicacion`, `extension`) VALUES
(1, 'Arámbula López José Antonio', 3, 1, NULL, NULL),
(2, 'Hernández Vallin David', 1, 2, NULL, NULL),
(3, 'Cuadra García Raúl Gerardo', 3, 3, NULL, NULL),
(4, 'Tolento Hernández Sergio', 3, 4, NULL, NULL),
(5, 'Orduño Valdez Francisco Javier', 3, 5, NULL, NULL),
(6, 'Mancillas Amador César', 3, 6, NULL, NULL),
(7, 'Cortez Mendoza Jesús Gerardo', 3, 7, NULL, NULL),
(8, 'Luken Garza Gastón', 3, 8, NULL, NULL),
(9, 'Osuna Millán Miguel Antonio', 3, 9, NULL, NULL),
(10, 'Ovando Patrón José Luis', 3, 10, NULL, NULL),
(11, 'Arce Paniagua Óscar Martín', 3, 11, NULL, NULL),
(13, 'Castro Cosío Víctor Manuel', 2, 13, NULL, NULL),
(14, 'Pacheco Castro Carlos Oznerol', 1, 14, NULL, NULL),
(15, 'Rosas González Óscar Román', 1, 15, NULL, NULL),
(16, 'Saracho Navarro Francisco', 1, 16, NULL, NULL),
(17, 'Martínez González Hugo Héctor', 1, 17, NULL, NULL),
(18, 'Sánchez de la Fuente Melchor', 1, 18, NULL, NULL),
(21, 'Fernández Aguirre Héctor', 1, 21, NULL, NULL),
(22, 'Franco López Héctor', 1, 22, NULL, NULL),
(23, 'Morán Sánchez Leoncio Alfonso', 3, 23, NULL, NULL),
(24, 'Cruz Mendoza Carlos', 1, 24, NULL, NULL),
(25, 'López Fernández Juan Carlos', 2, 25, NULL, NULL),
(26, 'Orantes López Hernán de Jesús', 1, 26, NULL, NULL),
(27, 'Hernández Cruz Luis', 2, 27, NULL, NULL),
(28, 'Cortazar Ramos Ovidio', 3, 28, NULL, NULL),
(29, 'Lobato García Sergio', 1, 29, NULL, NULL),
(30, 'Camacho Pedrero Mirna Lucrecia', 3, 30, NULL, NULL),
(31, 'Marroquín Toledo José Manuel', 3, 31, NULL, NULL),
(32, 'Albores Gleason Roberto Armando', 1, 32, NULL, NULL),
(33, 'Gómez León Ariel', 2, 33, NULL, NULL),
(34, 'Gutiérrez Villanueva Sergio Ernesto', 2, 34, NULL, NULL),
(35, 'Martínez Martínez Carlos', 3, 35, NULL, NULL),
(36, 'David David Sami', 1, 36, NULL, NULL),
(37, 'Flores Castañeda Jaime', 1, 37, NULL, NULL),
(39, 'Pérez Reyes María Antonieta', 3, 39, NULL, NULL),
(40, 'Terrazas Porras Adriana', 1, 40, NULL, NULL),
(41, 'Márquez Lizalde Manuel Guillermo', 1, 41, NULL, NULL),
(42, 'Ochoa Millán Maurilio', 1, 42, NULL, NULL),
(43, 'Pérez Domínguez Guadalupe', 1, 43, NULL, NULL),
(44, 'Cano Ricaud Alejandro', 1, 44, NULL, NULL),
(45, 'Campos Villegas Luis Carlos', 1, 45, NULL, NULL),
(46, 'Jiménez López Ramón', 2, 46, NULL, NULL),
(47, 'Orozco  Rosi', 3, 47, NULL, NULL),
(48, 'Vargas Cortez Balfre', 2, 48, NULL, NULL),
(49, 'Cárdenas Gracia Jaime Fernando', 4, 49, NULL, NULL),
(50, 'González Madruga César Daniel', 3, 50, NULL, NULL),
(51, 'Rebollo Vivero Roberto', 1, 51, NULL, NULL),
(52, 'Norberto Sánchez Nazario', 2, 52, NULL, NULL),
(53, 'Llerenas Morales Vidal', 2, 53, NULL, NULL),
(54, 'Damián Peralta Esthela', 2, 54, NULL, NULL),
(55, 'Cuevas Barron Gabriela', 3, 55, NULL, NULL),
(56, 'Piña Olmedo Laura', 5, 56, NULL, NULL),
(57, 'Guerrero Castillo Agustín', 2, 57, NULL, NULL),
(58, 'Serrano Jiménez Emilio', 2, 58, NULL, NULL),
(59, 'Hernández Rodríguez Héctor Hugo', 2, 59, NULL, NULL),
(60, 'Nava Vázquez José César', 3, 60, NULL, NULL),
(61, 'Robles Colín Leticia', 1, 61, NULL, NULL),
(62, 'Vázquez Camacho María Araceli', 2, 62, NULL, NULL),
(63, 'Mendoza Arellano Eduardo', 2, 63, NULL, NULL),
(64, 'Fernández Noroña José Gerardo Rodolfo', 4, 64, NULL, NULL),
(65, 'Di Costanzo Armenta Mario Alberto', 4, 65, NULL, NULL),
(66, 'Méndez Rangel Avelino', 2, 66, NULL, NULL),
(67, 'Santana Alfaro Arturo', 2, 67, NULL, NULL),
(68, 'Toledo Gutiérrez Mauricio Alonso', 2, 68, NULL, NULL),
(69, 'Rétiz Gutiérrez Ezequiel', 3, 69, NULL, NULL),
(70, 'Eguía Pérez Luis Felipe', 2, 70, NULL, NULL),
(71, 'Quiñones Cornejo María de la Paz', 1, 71, NULL, NULL),
(72, 'Salgado Vázquez Rigoberto', 2, 72, NULL, NULL),
(73, 'López Pescador José Ricardo', 1, 73, NULL, NULL),
(74, 'Rebollo Mendoza Ricardo Armando', 1, 74, NULL, NULL),
(75, 'García Barrón Óscar', 1, 75, NULL, NULL),
(79, 'Vera Hernández J. Guadalupe', 3, 79, NULL, NULL),
(80, 'Lugo Martínez Ruth Esperanza', 3, 80, NULL, NULL),
(81, 'Gallegos Camarena Lucila del Carmen', 3, 81, NULL, NULL),
(82, 'Oliva Ramírez Jaime', 3, 82, NULL, NULL),
(83, 'Arévalo Sosa Cecilia Soledad', 3, 83, NULL, NULL),
(84, 'Gutiérrez Ramírez Tomás', 3, 84, NULL, NULL),
(85, 'Zetina Soto Sixto Alfonso', 3, 85, NULL, NULL),
(86, 'Orozco Torres Norma Leticia', 5, 86, NULL, NULL),
(87, 'Bermúdez Méndez José Erandi', 3, 87, NULL, NULL),
(88, 'Rico Jiménez Martín', 3, 88, NULL, NULL),
(89, 'Arellano Rodríguez Rubén', 3, 89, NULL, NULL),
(90, 'Merino Loo Ramón', 3, 90, NULL, NULL),
(91, 'Salgado Romero Cuauhtémoc', 1, 91, NULL, NULL),
(92, 'Albarrán Mendoza Esteban', 1, 92, NULL, NULL),
(93, 'Ríos Piter Armando', 2, 93, NULL, NULL),
(94, 'Carabias Icaza Alejandro', 5, 94, NULL, NULL),
(96, 'Zamora Villalva Alicia Elizabeth', 1, 96, NULL, NULL),
(97, 'Moreno Arcos Mario', 1, 97, NULL, NULL),
(98, 'Aguirre Herrera Ángel', 2, 98, NULL, NULL),
(99, 'Alvarado Arroyo Fermín Gerardo', 1, 99, NULL, NULL),
(100, 'Fayad Meneses Omar', 1, 100, NULL, NULL),
(101, 'Pedraza Olguín Héctor', 1, 101, NULL, NULL),
(102, 'Rojo García de Alba Jorge', 1, 102, NULL, NULL),
(103, 'Penchyna Grub David', 1, 103, NULL, NULL),
(105, 'Viggiano Austria Alma Carolina', 1, 105, NULL, NULL),
(106, 'Romero Romero Jorge', 1, 106, NULL, NULL),
(107, 'Téllez González Ignacio', 3, 107, NULL, NULL),
(108, 'Guillén Padilla Olivia', 1, 108, NULL, NULL),
(109, 'Iñiguez Gámez José Luis', 3, 109, NULL, NULL),
(110, 'Zamora Jiménez Arturo', 1, 110, NULL, NULL),
(111, 'Cuevas García Juan José', 3, 111, NULL, NULL),
(112, 'López-Portillo Basave Jorge Humberto', 1, 112, NULL, NULL),
(113, 'Arana Arana Jorge', 1, 113, NULL, NULL),
(114, 'Padilla López José Trinidad', 1, 114, NULL, NULL),
(115, 'Gómez Caro Clara', 1, 115, NULL, NULL),
(116, 'Ramírez Acuña Francisco Javier', 3, 116, NULL, NULL),
(117, 'Caro Cabrera Salvador', 1, 117, NULL, NULL),
(118, 'González Díaz Joel', 1, 118, NULL, NULL),
(119, 'Durán Rico Ana Estela', 1, 119, NULL, NULL),
(120, 'Madrigal Díaz César Octavio', 3, 120, NULL, NULL),
(121, 'Castellanos Flores Gumercindo', 3, 121, NULL, NULL),
(122, 'Hernández Pérez David', 1, 122, NULL, NULL),
(123, 'Rangel Vargas Felipe de Jesús', 3, 123, NULL, NULL),
(124, 'Meillón Johnston Carlos Luis', 3, 124, NULL, NULL),
(125, 'Esquer Gutiérrez Alberto', 3, 125, NULL, NULL),
(126, 'Velasco Monroy Héctor Eduardo', 1, 126, NULL, NULL),
(127, 'Domínguez Rex Raúl', 1, 127, NULL, NULL),
(128, 'Chuayffet Chemor Emilio', 1, 128, NULL, NULL),
(129, 'Hernández García Elvia', 1, 129, NULL, NULL),
(130, 'Borja Texocotitla Felipe', 1, 130, NULL, NULL),
(131, 'Guevara Ramírez Héctor', 1, 131, NULL, NULL),
(132, 'Rojas San Román Francisco Lauro', 1, 132, NULL, NULL),
(133, 'Méndez Hernández Sandra', 1, 133, NULL, NULL),
(134, 'Zarzosa Sánchez Eduardo', 1, 134, NULL, NULL),
(135, 'Vázquez Pérez Noé Martín', 1, 135, NULL, NULL),
(136, 'Hernández Hernández Jorge', 1, 136, NULL, NULL),
(137, 'Corona Rivera Armando', 1, 137, NULL, NULL),
(138, 'Torres Huitrón José Alfredo', 1, 138, NULL, NULL),
(139, 'Saldaña del Moral Fausto Sergio', 1, 139, NULL, NULL),
(140, 'Bello Otero Carlos', 3, 140, NULL, NULL),
(141, 'Soto Oseguera José Luis', 1, 141, NULL, NULL),
(142, 'Valdés Huezo Josué Cirino', 1, 142, NULL, NULL),
(143, 'Navarrete Prida Jesús Alfonso', 1, 143, NULL, NULL),
(144, 'Monroy Estrada Amador', 1, 144, NULL, NULL),
(145, 'Enríquez Fuentes Jesús Ricardo', 1, 145, NULL, NULL),
(146, 'Reina Liceaga Rodrigo', 1, 146, NULL, NULL),
(147, 'Sánchez Guevara David Ricardo', 1, 147, NULL, NULL),
(148, 'Pichardo Lechuga José Ignacio', 1, 148, NULL, NULL),
(149, 'Mancilla Zayas Sergio', 1, 149, NULL, NULL),
(150, 'Ibarra Piña Inocencio', 1, 150, NULL, NULL),
(151, 'Hernández Silva Héctor', 1, 151, NULL, NULL),
(152, 'Terrón Mendoza Miguel Ángel', 1, 152, NULL, NULL),
(153, 'Germán Olivares Sergio Octavio', 3, 153, NULL, NULL),
(154, 'Pedroza Jiménez Héctor', 1, 154, NULL, NULL),
(155, 'Rodríguez Cisneros Omar', 1, 155, NULL, NULL),
(157, 'Luna Munguía Miguel Ángel', 1, 157, NULL, NULL),
(158, 'Yáñez Montaño J. Eduardo', 1, 158, NULL, NULL),
(159, 'Velasco Lino José Luis', 1, 159, NULL, NULL),
(160, 'Ferreyra Olivares Fernando', 1, 160, NULL, NULL),
(161, 'Casique Vences Guillermina', 1, 161, NULL, NULL),
(162, 'Ledesma Magaña Israel Reyes', 1, 162, NULL, NULL),
(163, 'Cadena Morales Manuel', 1, 163, NULL, NULL),
(164, 'Aguirre Romero Andrés', 1, 164, NULL, NULL),
(165, 'Rubí Salazar José Adán Ignacio', 1, 165, NULL, NULL),
(167, 'Torres Robledo José M.', 2, 167, NULL, NULL),
(168, 'Herrera Soto Ma. Dina', 2, 168, NULL, NULL),
(169, 'Sánchez Gálvez Ricardo', 1, 169, NULL, NULL),
(170, 'Torres Santos Sergio Arturo', 3, 170, NULL, NULL),
(171, 'Velázquez Esquivel Emiliano', 2, 171, NULL, NULL),
(172, 'García Avilés Martín', 2, 172, NULL, NULL),
(174, 'López Paredes Uriel', 2, 174, NULL, NULL),
(175, 'Suárez González Laura Margarita', 3, 175, NULL, NULL),
(177, 'Valencia Barajas José María', 2, 177, NULL, NULL),
(178, 'Moreno Merino Francisco Alejandro', 1, 178, NULL, NULL),
(179, 'Aguero Tovar José Manuel', 1, 179, NULL, NULL),
(180, 'Rodríguez Sosa Luis Félix', 1, 180, NULL, NULL),
(181, 'Mazari Espín Rosalina', 1, 181, NULL, NULL),
(182, 'Sánchez Vélez Jaime', 1, 182, NULL, NULL),
(183, 'Cota Jiménez Manuel Humberto', 1, 183, NULL, NULL),
(184, 'García Gómez Martha Elena', 3, 184, NULL, NULL),
(185, 'Reyes Hernández Ivideliza', 3, 185, NULL, NULL),
(186, 'Balderas Vaquera Víctor Alejandro', 3, 186, NULL, NULL),
(187, 'Guajardo Villarreal Ildefonso', 1, 187, NULL, NULL),
(188, 'Bailey Elizondo Eduardo Alonso', 1, 188, NULL, NULL),
(189, 'Ramírez Puente Camilo', 3, 189, NULL, NULL),
(190, 'Guerra Castillo Marcela', 1, 190, NULL, NULL),
(191, 'Hurtado Leija Gregorio', 3, 191, NULL, NULL),
(192, 'Enríquez Hernández Felipe', 1, 192, NULL, NULL),
(193, 'Aguirre Maldonado Ma. de Jesús', 1, 193, NULL, NULL),
(194, 'Montes Cavazos Fermín', 1, 194, NULL, NULL),
(195, 'Rodríguez Dávila Alfredo Javier', 3, 195, NULL, NULL),
(196, 'Díaz Salazar María Cristina', 1, 196, NULL, NULL),
(197, 'Cerda Pérez Rogelio', 1, 197, NULL, NULL),
(198, 'Pérez Magaña Eviel', 1, 198, NULL, NULL),
(199, 'Concha Arellano Elpidio Desiderio', 1, 199, NULL, NULL),
(200, 'González Ilescas Jorge Venustiano', 1, 200, NULL, NULL),
(201, 'Ambrosio Cipriano Heriberto', 1, 201, NULL, NULL),
(202, 'Castro Ríos Sofía', 1, 202, NULL, NULL),
(203, 'Díaz Escárraga Heliodoro Carlos', 1, 203, NULL, NULL),
(204, 'Mendoza Kaplan Emilio Andrés', 1, 204, NULL, NULL),
(205, 'De Esesarte Pesqueira Manuel Esteban', 1, 205, NULL, NULL),
(206, 'García Corpus Teófilo Manuel', 1, 206, NULL, NULL),
(207, 'Ramírez Puga Leyva Héctor Pablo', 1, 207, NULL, NULL),
(208, 'Yglesias Arreola José Antonio', 1, 208, NULL, NULL),
(210, 'Lastiri Quirós Juan Carlos', 1, 210, NULL, NULL),
(211, 'Juraidini Rumilla Jorge Alberto', 1, 211, NULL, NULL),
(212, 'Aguilar González José Óscar', 1, 212, NULL, NULL),
(213, 'González Tostado Janet Graciela', 1, 213, NULL, NULL),
(214, 'Ramos Montaño Francisco', 1, 214, NULL, NULL),
(215, 'González Morales José Alberto', 1, 215, NULL, NULL),
(216, 'Morales Martínez Fernando', 1, 216, NULL, NULL),
(217, 'Jiménez Hernández Blanca Estela', 1, 217, NULL, NULL),
(218, 'Jiménez Concha Juan Pablo', 1, 218, NULL, NULL),
(219, 'Natale López Juan Carlos', 5, 219, NULL, NULL),
(220, 'Soto Martínez Leobardo', 1, 220, NULL, NULL),
(221, 'Merlo Talavera María Isabel', 1, 221, NULL, NULL),
(222, 'Jiménez Merino Francisco Alberto', 1, 222, NULL, NULL),
(223, 'Izaguirre Francos María del Carmen', 1, 223, NULL, NULL),
(224, 'Marín Torres Julieta Octavia', 1, 224, NULL, NULL),
(225, 'Martínez Peñaloza Miguel', 3, 225, NULL, NULL),
(226, 'Fuentes Cortés Adriana', 3, 226, NULL, NULL),
(227, 'Lugo Oñate Alfredo Francisco', 1, 227, NULL, NULL),
(228, 'Rivera de la Torre Reginaldo', 1, 228, NULL, NULL),
(231, 'Joaquín González Carlos Manuel', 1, 231, NULL, NULL),
(232, 'Mendoza Díaz Sonia', 3, 232, NULL, NULL),
(233, 'Rodríguez Galarza Wendy Guadalupe', 3, 233, NULL, NULL),
(234, 'Gama Dufour Sergio', 3, 234, NULL, NULL),
(235, 'Guerrero Coronado Delia', 1, 235, NULL, NULL),
(236, 'Pedroza Gaitán César Octavio', 3, 236, NULL, NULL),
(237, 'Escobar Martínez Juan Pablo', 3, 237, NULL, NULL),
(238, 'Bautista Concepción Sabino', 1, 238, NULL, NULL),
(239, 'Lara Salazar Óscar', 1, 239, NULL, NULL),
(240, 'Zubia Rivera Rolando', 1, 240, NULL, NULL),
(241, 'Bojórquez Gutiérrez Rolando', 1, 241, NULL, NULL),
(242, 'Gastélum Bajo Diva Hadamira', 1, 242, NULL, NULL),
(243, 'Irízar López Aarón', 1, 243, NULL, NULL),
(244, 'Contreras García Germán', 1, 244, NULL, NULL),
(245, 'Lara Aréchiga Óscar Javier', 1, 245, NULL, NULL),
(246, 'García Granados Miguel Ángel', 1, 246, NULL, NULL),
(247, 'Guillén Medina Leonardo Arturo', 3, 247, NULL, NULL),
(248, 'Pompa Corella Miguel Ernesto', 1, 248, NULL, NULL),
(249, 'De Lucas Hopkins Ernesto', 1, 249, NULL, NULL),
(250, 'León Perea José Luis Marcos', 1, 250, NULL, NULL),
(251, 'Acosta Gutiérrez Manuel Ignacio', 1, 251, NULL, NULL),
(252, 'Díaz Brown Ramsburgh Rogelio Manuel', 1, 252, NULL, NULL),
(253, 'Mariscales Delgadillo Onésimo', 1, 253, NULL, NULL),
(254, 'Aysa Bernat José Antonio', 1, 254, NULL, NULL),
(255, 'De la Fuente Dagdug María Estela', 1, 255, NULL, NULL),
(256, 'Burelo Burelo César Francisco', 2, 256, NULL, NULL),
(258, 'Bellizia Aboaf Nicolás Carlos', 1, 258, NULL, NULL),
(259, 'Córdova Hernández José del Pilar', 1, 259, NULL, NULL),
(260, 'Zamora Cabrera Cristabell', 1, 260, NULL, NULL),
(262, 'Melhem Salinas Edgardo', 1, 262, NULL, NULL),
(263, 'Hinojosa Ochoa Baltazar Manuel', 1, 263, NULL, NULL),
(265, 'Guevara Cobos Luis Alejandro', 1, 265, NULL, NULL),
(266, 'Gil Ortiz Javier', 1, 266, NULL, NULL),
(267, 'Rábago Castillo José Francisco', 1, 267, NULL, NULL),
(268, 'López Hernández Oralia', 3, 268, NULL, NULL),
(269, 'Velázquez y Llorente Julián Francisco', 3, 269, NULL, NULL),
(270, 'López Loyo María Elena Perla', 1, 270, NULL, NULL),
(271, 'Chirinos del Ángel Patricio', 1, 271, NULL, NULL),
(272, 'Mejía de la Merced Genaro', 1, 272, NULL, NULL),
(273, 'Martín López Miguel', 3, 273, NULL, NULL),
(275, 'Quiroz Cruz Sergio Lorenzo', 1, 275, NULL, NULL),
(276, 'Herrera Jiménez Francisco', 1, 276, NULL, NULL),
(277, 'Méndez Herrera Alba Leonila', 3, 277, NULL, NULL),
(278, 'Lagos Galindo Silvio', 1, 278, NULL, NULL),
(279, 'Yunes Zorrilla José Francisco', 1, 279, NULL, NULL),
(280, 'Ahued Bardahuil Ricardo', 1, 280, NULL, NULL),
(281, 'García Bringas Leandro Rafael', 3, 281, NULL, NULL),
(284, 'Martínez Armengol Luis Antonio', 1, 284, NULL, NULL),
(285, 'Kuri Grajales Fidel', 1, 285, NULL, NULL),
(288, 'Pérez Santos María Isabel', 1, 288, NULL, NULL),
(289, 'Santamaría Prieto Fernando', 3, 289, NULL, NULL),
(291, 'Benítez Lucho Antonio', 1, 291, NULL, NULL),
(292, 'Vidal Aguilar Liborio', 5, 292, NULL, NULL),
(293, 'Cervera Hernández Felipe', 1, 293, NULL, NULL),
(295, 'Zapata Bello Rolando Rodrigo', 1, 295, NULL, NULL),
(296, 'Castillo Ruz Martín Enrique', 1, 296, NULL, NULL),
(297, 'Leyva Hernández Gerardo', 2, 297, NULL, NULL),
(298, 'Jiménez Fuentes Ramón', 2, 298, NULL, NULL),
(299, 'Verver y Vargas Ramírez Heladio Gerardo', 2, 299, NULL, NULL),
(300, 'Herrera Chávez Samuel', 2, 300, NULL, NULL),
(301, 'Clouthier Carrillo Manuel Jesús', 3, 319, NULL, NULL),
(302, 'Del Río Sánchez María Dolores', 3, 305, NULL, NULL),
(303, 'García Portillo Arturo', 3, 327, NULL, NULL),
(304, 'Trigueras Durón Dora Evelyn', 3, 305, NULL, NULL),
(305, 'González Hernández Gustavo', 3, 326, NULL, NULL),
(306, 'Vega De Lamadrid Francisco Arturo', 3, 313, NULL, NULL),
(307, 'Parra Becerra María Felicitas', 3, 309, NULL, NULL),
(308, 'Corral Jurado Javier', 3, 327, NULL, NULL),
(309, 'Paredes Arciga Ana Elia', 3, 326, NULL, NULL),
(310, 'Herrera Rivera Bonifacio', 3, 308, NULL, NULL),
(311, 'Rojo Montoya Adolfo', 3, 319, NULL, NULL),
(312, 'Novoa Mossberger María Joann', 3, 326, NULL, NULL),
(313, 'Pérez Esquer Marcos', 3, 305, NULL, NULL),
(314, 'Aguilar Armendáriz Velia Idalia', 3, 327, NULL, NULL),
(315, 'Torres Delgado Enrique', 3, 305, NULL, NULL),
(316, 'Bahena Flores Alejandro', 3, 313, NULL, NULL),
(317, 'Estrada Rodríguez Laura Elena', 3, 308, NULL, NULL),
(318, 'Robles Medina Guadalupe Eduardo', 3, 319, NULL, NULL),
(319, 'Yerena Zambrano Rafael', 1, 326, NULL, NULL),
(320, 'Scherman Leaño María Esther de Jesús', 1, 326, NULL, NULL),
(321, 'Lepe Lepe Humberto', 1, 313, NULL, NULL),
(322, 'De la Torre Valdez Yolanda', 1, 308, NULL, NULL),
(323, 'Cano Vélez Jesús Alberto', 1, 305, NULL, NULL),
(324, 'Domínguez Arvizu María Hilaria', 1, 309, NULL, NULL),
(325, 'Levin Coppel Óscar Guillermo', 1, 319, NULL, NULL),
(327, 'Villegas Arreola Alfredo', 1, 319, NULL, NULL),
(329, 'González Cuevas Isaías', 1, 316, NULL, NULL),
(332, 'Meza Castro Francisco Armando', 2, 316, NULL, NULL),
(333, 'Ibarra Pedroza Juan Enrique', 4, 326, NULL, NULL),
(335, 'Moreno Terán Carlos Samuel', 5, 305, NULL, NULL),
(336, 'Corona Valdés Lorena', 5, 308, NULL, NULL),
(337, 'Cinta Martínez Alberto Emiliano', 5, 326, NULL, NULL),
(339, 'Pérez de Alva Blanco Roberto', 12, 313, NULL, NULL),
(340, 'Pinedo Alonso Cora', 12, 309, NULL, NULL),
(341, 'Salazar Sáenz Francisco Javier', 3, 324, NULL, NULL),
(342, 'Sánchez Romero Norma', 3, 325, NULL, NULL),
(343, 'Usabiaga Arroyo Javier Bernardo', 3, 325, NULL, NULL),
(344, 'Torres Peimbert María Marcela', 3, 323, NULL, NULL),
(345, 'De los Cobos Silva José Gerardo', 3, 325, NULL, NULL),
(346, 'Ramírez Bucio Arturo', 3, 331, NULL, NULL),
(347, 'Reynoso Femat Ma. de Lourdes', 3, 314, NULL, NULL),
(348, 'Cantú Rodríguez Felipe de Jesús', 3, 307, NULL, NULL),
(349, 'Vives Preciado Tomasa', 3, 315, NULL, NULL),
(350, 'Ramírez Rangel Jesús', 3, 315, NULL, NULL),
(351, 'Mercado Sánchez Luis Enrique', 3, 331, NULL, NULL),
(353, 'Martínez Montemayor Baltazar', 3, 307, NULL, NULL),
(354, 'Ugalde Basaldúa María Sandra', 3, 323, NULL, NULL),
(355, 'Trejo Azuara Enrique Octavio', 3, 324, NULL, NULL),
(356, 'Salazar Vázquez Norma Leticia', 3, 311, NULL, NULL),
(357, 'Arriaga Rojas Justino Eugenio', 3, 325, NULL, NULL),
(358, 'López Aguilar Cruz', 1, 311, NULL, NULL),
(359, 'Gallegos Soto Margarita', 1, 314, NULL, NULL),
(360, 'Medina Ramírez Tereso', 1, 315, NULL, NULL),
(362, 'Flores Rico Carlos', 1, 311, NULL, NULL),
(363, 'Rodríguez Hernández Jesús María', 1, 323, NULL, NULL),
(365, 'Clariond Reyes Retana Benjamín', 1, 307, NULL, NULL),
(367, 'Sánchez García Gerardo', 1, 325, NULL, NULL),
(368, 'Solís Acero Felipe', 1, 311, NULL, NULL),
(369, 'Guillén Vicente Mercedes del Carmen', 1, 311, NULL, NULL),
(370, 'Anaya Mota Claudia Edith', 2, 331, NULL, NULL),
(371, 'Rodríguez Martell Domingo', 2, 324, NULL, NULL),
(372, 'Guajardo Villarreal Mary Telma', 2, 315, NULL, NULL),
(373, 'Vázquez González Pedro', 4, 307, NULL, NULL),
(374, 'Pérez-Alonso González Rodrigo', 5, 307, NULL, NULL),
(376, 'Pacchiano Alamán Rafael', 5, 323, NULL, NULL),
(378, 'García Almanza María Guadalupe', 6, 312, NULL, NULL),
(380, 'Martínez Peña Elsa María', 12, 315, NULL, NULL),
(382, 'Márquez Zapata Nelly Del Carmen', 3, 318, NULL, NULL),
(383, 'Téllez Juárez Bernardo Margarito', 3, 304, NULL, NULL),
(384, 'Valencia Vales María Yolanda', 3, 322, NULL, NULL),
(385, 'Seara Sierra José Ignacio', 3, 318, NULL, NULL),
(386, 'Monge Villalobos Silvia Isabel', 3, 304, NULL, NULL),
(387, 'Ortega Joaquín Gustavo Antonio Miguel', 3, 332, NULL, NULL),
(388, 'Luna Ruíz Gloria Trinidad', 3, 320, NULL, NULL),
(390, 'Valenzuela Cabrales Guadalupe', 3, 328, NULL, NULL),
(391, 'Saldaña Morán Julio', 3, 304, NULL, NULL),
(392, 'Díaz Lizama Rosa Adriana', 3, 322, NULL, NULL),
(393, 'Castillo Andrade Óscar Saúl', 3, 304, NULL, NULL),
(394, 'Montalvo López Yolanda del Carmen', 3, 318, NULL, NULL),
(395, 'Ávila Ruíz Daniel Gabriel', 3, 322, NULL, NULL),
(396, 'Callejas Arroyo Juan Nicolás', 1, 304, NULL, NULL),
(397, 'Trujillo Zentella Georgina', 1, 328, NULL, NULL),
(398, 'Santiago Ramírez César Augusto', 1, 320, NULL, NULL),
(399, 'Ramírez Pineda Narcedalia', 1, 312, NULL, NULL),
(400, 'Franco Vargas Jorge Fernando', 1, 312, NULL, NULL),
(401, 'Rubio Barthell Eric Luis', 1, 322, NULL, NULL),
(403, 'Flores Morales Víctor Félix', 1, 304, NULL, NULL),
(404, 'Liborio Arrazola Margarita', 1, 312, NULL, NULL),
(405, 'Kidnie De La Cruz Víctor Manuel', 1, 318, NULL, NULL),
(406, 'Ramírez Marín Jorge Carlos', 1, 322, NULL, NULL),
(407, 'Terán Velázquez María Esther', 1, 304, NULL, NULL),
(408, 'Torres Abarca O. Magdalena', 2, 320, NULL, NULL),
(409, 'Ovalle Vaquera Federico', 2, 320, NULL, NULL),
(410, 'Cruz Cruz Juanita Arcelia', 2, 312, NULL, NULL),
(411, 'Lara Lagunas Rodolfo', 2, 328, NULL, NULL),
(412, 'Carmona Cabrera Bélgica Nabil', 2, 312, NULL, NULL),
(413, 'Narro Céspedes José', 2, 334, NULL, NULL),
(414, 'Espinosa Morales Olga Luz', 2, 320, NULL, NULL),
(415, 'Espinosa Ramos Francisco Amadeo', 4, 320, NULL, NULL),
(416, 'Flores Ramírez Juan Gerardo', 5, 328, NULL, NULL),
(417, 'Sarur Torre Adriana', 5, 304, NULL, NULL),
(418, 'Jiménez León Pedro', 6, 328, NULL, NULL),
(419, 'Ramos Cárdenas Liev Vladimir', 3, 320, NULL, NULL),
(420, 'Torre Canales María del Pilar', 12, 303, NULL, NULL),
(421, 'Vázquez Mota Josefina Eugenia  (LICENCIA)', 3, 333, NULL, NULL),
(422, 'Gutiérrez Fragoso Valdemar', 3, 302, NULL, NULL),
(423, 'Gutiérrez Cortina Paz', 3, 302, NULL, NULL),
(424, 'González Hernández Sergio', 3, 321, NULL, NULL),
(425, 'Díaz de Rivera Hernández Augusta Valentina', 3, 329, NULL, NULL),
(426, 'Giles Sánchez Jesús', 3, 330, NULL, NULL),
(427, 'Pérez Ceballos Silvia Esther', 3, 302, NULL, NULL),
(428, 'Becerra Pocoroba Mario Alberto', 3, 301, NULL, NULL),
(429, 'López Rabadán Kenia', 3, 302, NULL, NULL),
(431, 'Castilla Marroquín Agustín Carlos', 3, 302, NULL, NULL),
(432, 'García Ayala Marco Antonio', 1, 302, NULL, NULL),
(433, 'Paredes Rangel Beatríz Elena', 1, 321, NULL, NULL),
(434, 'Báez Pinal Armando Jesús', 1, 302, NULL, NULL),
(435, 'Ruíz Massieu Salinas Claudia', 1, 302, NULL, NULL),
(436, 'Álvarez Santamaría Miguel', 1, 301, NULL, NULL),
(438, 'Lerdo de Tejada Covarrubias Sebastián', 1, 302, NULL, NULL),
(439, 'Encinas Rodríguez Alejandro de Jesús', 2, 302, NULL, NULL),
(440, 'Quezada Contreras Leticia', 2, 302, NULL, NULL),
(441, 'Cirigo Vasquez Víctor Hugo', 5, 302, NULL, NULL),
(442, 'Rosario Morales Florentina', 2, 301, NULL, NULL),
(443, 'Hernández Juárez Francisco', 2, 302, NULL, NULL),
(444, 'Uranga Muñoz Enoé Margarita', 2, 302, NULL, NULL),
(445, 'Navarro Aguilar Filemón', 2, 301, NULL, NULL),
(446, 'Incháustegui Romero Teresa del Carmen', 2, 302, NULL, NULL),
(447, 'Lozano Herrera Ilich Augusto', 2, 301, NULL, NULL),
(448, 'Lobato Ramírez Ana Luz', 2, 301, NULL, NULL),
(449, 'Muñoz Ledo  Porfirio', 4, 302, NULL, NULL),
(450, 'Martínez y Hernández Ifigenia Martha', 4, 302, NULL, NULL),
(451, 'Escobar García Herón Agustín', 4, 335, NULL, NULL),
(452, 'Castillo Juárez Laura Itzel', 4, 302, NULL, NULL),
(453, 'Salinas Sada Ninfa Clara', 5, 302, NULL, NULL),
(454, 'Escudero Morales Pablo', 5, 302, NULL, NULL),
(455, 'Brindis Álvarez Rosario', 5, 302, NULL, NULL),
(457, 'Álvarez Cisneros Jaime', 6, 330, NULL, NULL),
(458, 'Arizmendi Campos Laura', 6, 301, NULL, NULL),
(459, 'Kahwagi Macari Jorge Antonio', 12, 302, NULL, NULL),
(461, 'Castellanos Ramírez Julio', 3, 310, NULL, NULL),
(462, 'Hinojosa Céspedes Adriana de Lourdes', 3, 303, NULL, NULL),
(463, 'Landero Gutiérrez José Francisco Javier', 3, 303, NULL, NULL),
(464, 'Pérez de Tejada Romero Ma. Elena', 3, 303, NULL, NULL),
(465, 'Hinojosa Pérez José Manuel', 3, 310, NULL, NULL),
(466, 'Pérez Cuevas Carlos Alberto', 3, 303, NULL, NULL),
(467, 'Romero León Gloria', 3, 317, NULL, NULL),
(468, 'Torres Ibarrola Agustín', 3, 310, NULL, NULL),
(469, 'Cortés León Yulenny Guylaine', 3, 306, NULL, NULL),
(470, 'Peralta Rivas Pedro', 3, 306, NULL, NULL),
(471, 'Quezada Naranjo Benigno', 3, 310, NULL, NULL),
(472, 'González Ulloa Nancy', 3, 314, NULL, NULL),
(473, 'Benítez Treviño Víctor Humberto', 1, 303, NULL, NULL),
(474, 'Hernández Olmos Paula Angélica', 1, 317, NULL, NULL),
(475, 'Rojas Gutiérrez Francisco José', 1, 303, NULL, NULL),
(477, 'Vázquez Góngora Canek', 1, 317, NULL, NULL),
(479, 'Serrano Hernández Maricela', 1, 303, NULL, NULL),
(480, 'Massieu Fernández Andrés', 1, 303, NULL, NULL),
(481, 'Ceballos Llerenas Hilda', 1, 306, NULL, NULL),
(482, 'Neyra Chávez Armando', 1, 303, NULL, NULL),
(483, 'Martel López José Ramón', 1, 303, NULL, NULL),
(484, 'Acosta Naranjo Guadalupe', 2, 303, NULL, NULL),
(485, 'Nazares Jerónimo Dolores de los Ángeles', 2, 310, NULL, NULL),
(486, 'Castro y Castro Juventino Víctor', 2, 303, NULL, NULL),
(487, 'Vizcaíno Silva Indira', 2, 306, NULL, NULL),
(488, 'Jaime Correa José Luis', 2, 303, NULL, NULL),
(489, 'Bernardino Rojas Martha Angélica', 2, 303, NULL, NULL),
(490, 'Marín Díaz Feliciano Rosendo', 2, 303, NULL, NULL),
(491, 'García Coronado Lizbeth', 2, 303, NULL, NULL),
(493, 'González Yáñez Óscar', 4, 303, NULL, NULL),
(494, 'Reyes Sahagún Teresa Guadalupe', 4, 303, NULL, NULL),
(495, 'Guerra Abud Juan José', 5, 303, NULL, NULL),
(498, 'Gertz Manero Alejandro', 6, 303, NULL, NULL),
(499, 'Ochoa Mejía Ma. Teresa Rosaura', 6, 303, NULL, NULL),
(500, 'Vázquez Aguilar Jaime Arturo', 9, 303, NULL, NULL),
(512, 'Puppo Gastélum Silvia', 2, 12, NULL, NULL),
(519, 'González Soto Diana Patricia', 1, 19, NULL, NULL),
(520, 'Rodarte Ayala Josefina', 1, 20, NULL, NULL),
(538, 'Zapata Lucero Ana Georgina', 1, 38, NULL, NULL),
(576, 'Ávila Nevárez Pedro', 1, 76, NULL, NULL),
(577, 'Quintana Padilla Aránzazu', 3, 77, NULL, NULL),
(578, 'Agundiz Pérez Laura Viviana', 3, 78, NULL, NULL),
(604, 'Vieyra Alamilla Marcela', 1, 104, NULL, NULL),
(656, 'Soria Morales Blanca Juana', 1, 156, NULL, NULL),
(666, 'Madrigal Ceja Israel', 2, 166, NULL, NULL),
(673, 'Salazar Blanco Iridia', 3, 173, NULL, NULL),
(676, 'González Díaz José Alfredo', 2, 176, NULL, NULL),
(709, 'Urzúa Rivera Ricardo', 1, 209, NULL, NULL),
(729, 'Hurtado  Vallejo Susana', 1, 229, NULL, NULL),
(730, 'García  Silva Luis', 1, 230, NULL, NULL),
(757, 'De la Fuente Godínez Alejandro', 2, 257, NULL, NULL),
(761, 'García  Dávila Laura Felicitas', 1, 261, NULL, NULL),
(764, 'Canseco Gómez Morelos Jaime Carlos  (LICENCIA', 1, 264, NULL, NULL),
(774, 'Robles Morales Adela', 1, 274, NULL, NULL),
(782, 'Miranda Herrera Nely Edith', 1, 282, NULL, NULL),
(783, 'Rosas Peralta Frida Celeste', 1, 283, NULL, NULL),
(786, 'Nadal Riquelme Daniela', 1, 286, NULL, NULL),
(787, 'Álvarez Martínez José Luis', 1, 287, NULL, NULL),
(790, 'Rodríguez González Rafael', 1, 290, NULL, NULL),
(794, 'Aguilar Góngora Efraín Ernesto', 1, 294, NULL, NULL),
(826, 'Galicia Ávila Víctor Manuel Anastasio', 1, 313, NULL, NULL),
(828, 'Silva Chacón Víctor Roberto', 1, 327, NULL, NULL),
(830, 'Barraza Chávez Héctor Elías', 2, 327, NULL, NULL),
(831, 'Cruz Martínez Marcos Carlos', 2, 308, NULL, NULL),
(834, 'Ríos Vázquez Alfonso Primitivo', 4, 308, NULL, NULL),
(852, 'Chaire Chavero Edgardo', 3, 325, NULL, NULL),
(861, 'Ruíz de Teresa Guillermo Raúl', 1, 325, NULL, NULL),
(864, 'Rosas Ramírez Enrique Salomón', 1, 324, NULL, NULL),
(866, 'Garza Flores Noé Fernando', 1, 315, NULL, NULL),
(875, 'Cueva Sada Guillermo', 5, 307, NULL, NULL),
(877, 'Ezeta Salcedo Carlos Alberto', 5, 323, NULL, NULL),
(879, 'Meza Elizondo José Isabel', 12, 307, NULL, NULL),
(881, 'Valls Esponda Maricarmen', 3, 320, NULL, NULL),
(889, 'Mendoza Sánchez María de Jesús', 3, 312, NULL, NULL),
(902, 'Nazar Morales Julián', 1, 320, NULL, NULL),
(930, 'Guzmán Lozano María del Carmen', 3, 329, NULL, NULL),
(937, 'Gutiérrez de la Torre Cuauhtémoc', 1, 302, NULL, NULL),
(956, 'Herrera Martínez Jorge', 5, 302, NULL, NULL),
(960, 'Del Mazo Morales Gerardo', 12, 302, NULL, NULL),
(976, 'Espino Arévalo Fernando', 1, 310, NULL, NULL),
(978, 'Fernández Martínez Silvia', 1, 303, NULL, NULL),
(992, 'Díaz Juárez Pavel', 2, 310, NULL, NULL),
(996, 'Del Mazo Maza Alejandro', 5, 303, NULL, NULL),
(997, 'Saénz Vargas Caritina', 5, 303, NULL, NULL),
(1001, 'Ledesma Romo Eduardo', 5, 313, NULL, NULL);

-- --------------------------------------------------------

--
-- Estructura de tabla para la tabla `diputado_has_comision`
--

CREATE TABLE IF NOT EXISTS `diputado_has_comision` (
  `diputado_iddiputado` int(11) NOT NULL,
  `comision_idcomision` int(11) NOT NULL,
  `cargo` enum('Presidente','Secretario','Integrante') DEFAULT NULL,
  PRIMARY KEY (`diputado_iddiputado`,`comision_idcomision`),
  KEY `fk_diputado_has_comision_comision1` (`comision_idcomision`),
  KEY `fk_diputado_has_comision_diputado1` (`diputado_iddiputado`)
) ENGINE=InnoDB DEFAULT CHARSET=utf8;

--
-- Volcar la base de datos para la tabla `diputado_has_comision`
--

INSERT INTO `diputado_has_comision` (`diputado_iddiputado`, `comision_idcomision`, `cargo`) VALUES
(1, 17, 'Integrante'),
(1, 39, 'Secretario'),
(1, 45, 'Secretario'),
(1, 89, 'Integrante'),
(2, 10, 'Integrante'),
(2, 13, 'Integrante'),
(2, 48, 'Secretario'),
(2, 89, 'Integrante'),
(2, 114, 'Secretario'),
(2, 120, 'Integrante'),
(3, 17, 'Integrante'),
(3, 25, 'Integrante'),
(3, 43, 'Integrante'),
(3, 49, 'Integrante'),
(3, 120, 'Integrante'),
(4, 41, 'Integrante'),
(4, 48, 'Integrante'),
(4, 73, 'Secretario'),
(5, 30, 'Integrante'),
(5, 34, 'Integrante'),
(5, 37, 'Secretario'),
(5, 81, 'Secretario'),
(6, 29, 'Integrante'),
(6, 45, 'Integrante'),
(6, 120, 'Integrante'),
(7, 28, 'Integrante'),
(7, 45, 'Integrante'),
(7, 72, 'Integrante'),
(7, 73, 'Integrante'),
(8, 24, 'Secretario'),
(8, 39, 'Integrante'),
(8, 47, 'Integrante'),
(8, 80, 'Presidente'),
(9, 41, 'Presidente'),
(10, 42, 'Presidente'),
(10, 48, 'Integrante'),
(11, 27, 'Secretario'),
(11, 35, 'Integrante'),
(13, 18, 'Secretario'),
(13, 46, 'Integrante'),
(13, 81, 'Integrante'),
(13, 122, 'Secretario'),
(14, 24, 'Integrante'),
(14, 66, 'Integrante'),
(14, 84, 'Integrante'),
(15, 8, 'Secretario'),
(15, 45, 'Integrante'),
(15, 66, 'Presidente'),
(16, 13, 'Integrante'),
(16, 35, 'Secretario'),
(16, 47, 'Integrante'),
(16, 81, 'Integrante'),
(17, 9, 'Integrante'),
(17, 45, 'Integrante'),
(17, 65, 'Integrante'),
(18, 17, 'Secretario'),
(18, 31, 'Integrante'),
(18, 43, 'Integrante'),
(18, 67, 'Presidente'),
(18, 86, 'Integrante'),
(21, 22, 'Integrante'),
(21, 31, 'Secretario'),
(21, 38, 'Integrante'),
(21, 65, 'Integrante'),
(21, 85, 'Secretario'),
(21, 120, 'Integrante'),
(23, 17, 'Secretario'),
(24, 9, 'Integrante'),
(24, 18, 'Secretario'),
(24, 28, 'Integrante'),
(24, 114, 'Integrante'),
(25, 23, 'Secretario'),
(25, 84, 'Presidente'),
(26, 6, 'Integrante'),
(26, 14, 'Secretario'),
(26, 38, 'Integrante'),
(26, 70, 'Integrante'),
(27, 6, 'Integrante'),
(27, 38, 'Secretario'),
(27, 77, 'Secretario'),
(28, 25, 'Secretario'),
(28, 34, 'Integrante'),
(28, 47, 'Integrante'),
(28, 49, 'Integrante'),
(29, 23, 'Integrante'),
(29, 26, 'Integrante'),
(29, 27, 'Secretario'),
(29, 45, 'Integrante'),
(29, 70, 'Integrante'),
(29, 84, 'Integrante'),
(30, 6, 'Integrante'),
(30, 20, 'Integrante'),
(30, 21, 'Secretario'),
(31, 37, 'Secretario'),
(31, 38, 'Integrante'),
(31, 70, 'Integrante'),
(31, 84, 'Integrante'),
(32, 34, 'Integrante'),
(32, 36, 'Integrante'),
(32, 77, 'Integrante'),
(32, 84, 'Integrante'),
(33, 33, 'Integrante'),
(33, 36, 'Secretario'),
(34, 34, 'Secretario'),
(35, 29, 'Secretario'),
(35, 33, 'Integrante'),
(35, 45, 'Integrante'),
(35, 64, 'Integrante'),
(35, 77, 'Presidente'),
(35, 80, 'Integrante'),
(36, 12, 'Integrante'),
(36, 24, 'Integrante'),
(36, 39, 'Integrante'),
(37, 12, 'Secretario'),
(37, 13, 'Integrante'),
(37, 21, 'Integrante'),
(39, 17, 'Secretario'),
(39, 24, 'Secretario'),
(39, 27, 'Integrante'),
(39, 83, 'Secretario'),
(40, 31, 'Secretario'),
(40, 33, 'Integrante'),
(40, 83, 'Secretario'),
(41, 11, 'Secretario'),
(41, 37, 'Integrante'),
(41, 42, 'Integrante'),
(41, 81, 'Secretario'),
(41, 89, 'Integrante'),
(42, 9, 'Integrante'),
(42, 46, 'Secretario'),
(42, 64, 'Integrante'),
(42, 73, 'Integrante'),
(44, 17, 'Secretario'),
(44, 47, 'Integrante'),
(44, 73, 'Presidente'),
(45, 11, 'Integrante'),
(45, 24, 'Secretario'),
(45, 27, 'Integrante'),
(46, 17, 'Integrante'),
(46, 19, 'Integrante'),
(46, 47, 'Secretario'),
(46, 65, 'Secretario'),
(46, 117, 'Secretario'),
(47, 12, 'Secretario'),
(47, 31, 'Integrante'),
(47, 42, 'Integrante'),
(47, 76, 'Presidente'),
(49, 35, 'Secretario'),
(49, 36, 'Integrante'),
(49, 42, 'Integrante'),
(49, 79, 'Integrante'),
(49, 80, 'Integrante'),
(50, 16, 'Secretario'),
(50, 28, 'Secretario'),
(50, 30, 'Integrante'),
(50, 86, 'Integrante'),
(50, 90, 'Secretario'),
(50, 113, 'Integrante'),
(50, 116, 'Integrante'),
(51, 16, 'Secretario'),
(51, 21, 'Integrante'),
(51, 113, 'Integrante'),
(52, 16, 'Integrante'),
(52, 24, 'Integrante'),
(52, 35, 'Secretario'),
(52, 69, 'Integrante'),
(52, 79, 'Integrante'),
(53, 17, 'Integrante'),
(53, 34, 'Secretario'),
(53, 49, 'Integrante'),
(53, 86, 'Integrante'),
(54, 11, 'Integrante'),
(54, 23, 'Integrante'),
(54, 47, 'Presidente'),
(54, 49, 'Integrante'),
(55, 11, 'Integrante'),
(55, 16, 'Presidente'),
(55, 34, 'Integrante'),
(55, 91, 'Integrante'),
(56, 41, 'Integrante'),
(56, 44, 'Integrante'),
(56, 69, 'Integrante'),
(56, 76, 'Integrante'),
(56, 82, 'Integrante'),
(56, 113, 'Integrante'),
(56, 122, 'Integrante'),
(57, 13, 'Integrante'),
(57, 16, 'Secretario'),
(57, 23, 'Integrante'),
(57, 79, 'Secretario'),
(58, 16, 'Secretario'),
(58, 21, 'Secretario'),
(58, 46, 'Integrante'),
(58, 121, 'Presidente'),
(59, 45, 'Integrante'),
(59, 66, 'Secretario'),
(59, 81, 'Presidente'),
(60, 11, 'Integrante'),
(61, 20, 'Integrante'),
(62, 16, 'Integrante'),
(62, 18, 'Integrante'),
(62, 30, 'Secretario'),
(62, 76, 'Secretario'),
(62, 229, 'Secretario'),
(63, 16, 'Integrante'),
(63, 19, 'Secretario'),
(63, 90, 'Integrante'),
(63, 116, 'Integrante'),
(64, 6, 'Integrante'),
(64, 10, 'Secretario'),
(64, 43, 'Integrante'),
(64, 67, 'Integrante'),
(64, 117, 'Integrante'),
(65, 25, 'Integrante'),
(65, 47, 'Secretario'),
(65, 49, 'Integrante'),
(65, 86, 'Integrante'),
(66, 13, 'Secretario'),
(66, 14, 'Integrante'),
(66, 69, 'Secretario'),
(66, 75, 'Secretario'),
(67, 31, 'Presidente'),
(67, 42, 'Integrante'),
(67, 80, 'Secretario'),
(67, 91, 'Integrante'),
(68, 25, 'Secretario'),
(68, 36, 'Integrante'),
(69, 13, 'Integrante'),
(69, 16, 'Integrante'),
(69, 27, 'Secretario'),
(69, 91, 'Integrante'),
(70, 21, 'Presidente'),
(70, 39, 'Integrante'),
(70, 73, 'Secretario'),
(71, 16, 'Integrante'),
(71, 113, 'Integrante'),
(72, 13, 'Integrante'),
(72, 34, 'Integrante'),
(72, 48, 'Secretario'),
(73, 26, 'Secretario'),
(73, 35, 'Integrante'),
(73, 39, 'Integrante'),
(74, 13, 'Integrante'),
(74, 36, 'Secretario'),
(75, 5, 'Integrante'),
(75, 38, 'Presidente'),
(75, 114, 'Integrante'),
(79, 34, 'Integrante'),
(79, 48, 'Secretario'),
(79, 67, 'Secretario'),
(80, 21, 'Integrante'),
(80, 25, 'Integrante'),
(80, 47, 'Integrante'),
(80, 49, 'Integrante'),
(80, 87, 'Integrante'),
(81, 20, 'Integrante'),
(81, 42, 'Integrante'),
(82, 10, 'Integrante'),
(82, 18, 'Secretario'),
(82, 33, 'Integrante'),
(83, 13, 'Integrante'),
(83, 35, 'Integrante'),
(83, 46, 'Integrante'),
(84, 8, 'Integrante'),
(84, 19, 'Secretario'),
(84, 87, 'Secretario'),
(85, 28, 'Secretario'),
(86, 14, 'Integrante'),
(86, 43, 'Integrante'),
(86, 48, 'Secretario'),
(86, 72, 'Integrante'),
(87, 14, 'Integrante'),
(87, 19, 'Secretario'),
(88, 48, 'Presidente'),
(89, 36, 'Secretario'),
(89, 43, 'Integrante'),
(90, 37, 'Integrante'),
(90, 75, 'Integrante'),
(90, 113, 'Secretario'),
(91, 27, 'Integrante'),
(91, 45, 'Secretario'),
(91, 81, 'Integrante'),
(91, 117, 'Integrante'),
(92, 14, 'Integrante'),
(92, 71, 'Secretario'),
(92, 117, 'Secretario'),
(93, 49, 'Integrante'),
(93, 114, 'Integrante'),
(94, 30, 'Secretario'),
(94, 46, 'Integrante'),
(94, 66, 'Integrante'),
(94, 71, 'Integrante'),
(96, 37, 'Secretario'),
(96, 41, 'Integrante'),
(96, 117, 'Integrante'),
(97, 29, 'Integrante'),
(98, 34, 'Integrante'),
(98, 45, 'Integrante'),
(99, 9, 'Integrante'),
(99, 35, 'Integrante'),
(99, 46, 'Secretario'),
(100, 22, 'Secretario'),
(101, 6, 'Secretario'),
(101, 33, 'Integrante'),
(102, 5, 'Integrante'),
(102, 35, 'Integrante'),
(102, 37, 'Integrante'),
(105, 13, 'Presidente'),
(105, 27, 'Integrante'),
(105, 42, 'Integrante'),
(105, 83, 'Integrante'),
(106, 8, 'Integrante'),
(106, 18, 'Secretario'),
(107, 10, 'Integrante'),
(107, 44, 'Integrante'),
(107, 45, 'Integrante'),
(108, 22, 'Integrante'),
(108, 33, 'Integrante'),
(108, 40, 'Integrante'),
(108, 75, 'Integrante'),
(108, 112, 'Integrante'),
(108, 114, 'Integrante'),
(109, 5, 'Integrante'),
(109, 10, 'Secretario'),
(109, 85, 'Integrante'),
(109, 229, 'Integrante'),
(110, 11, 'Integrante'),
(110, 24, 'Integrante'),
(110, 26, 'Integrante'),
(110, 27, 'Integrante'),
(111, 28, 'Secretario'),
(111, 46, 'Integrante'),
(112, 13, 'Secretario'),
(112, 69, 'Integrante'),
(112, 80, 'Integrante'),
(113, 13, 'Secretario'),
(114, 8, 'Integrante'),
(114, 18, 'Presidente'),
(115, 12, 'Secretario'),
(115, 41, 'Integrante'),
(115, 43, 'Integrante'),
(118, 5, 'Integrante'),
(118, 38, 'Secretario'),
(118, 69, 'Integrante'),
(118, 75, 'Secretario'),
(119, 9, 'Integrante'),
(119, 20, 'Secretario'),
(120, 13, 'Integrante'),
(120, 26, 'Secretario'),
(120, 44, 'Integrante'),
(120, 75, 'Presidente'),
(121, 33, 'Secretario'),
(121, 38, 'Integrante'),
(121, 48, 'Integrante'),
(121, 75, 'Integrante'),
(122, 44, 'Integrante'),
(122, 48, 'Secretario'),
(122, 72, 'Presidente'),
(123, 24, 'Secretario'),
(123, 34, 'Integrante'),
(123, 49, 'Integrante'),
(124, 14, 'Secretario'),
(124, 38, 'Integrante'),
(125, 5, 'Integrante'),
(125, 14, 'Integrante'),
(125, 85, 'Integrante'),
(126, 5, 'Integrante'),
(126, 38, 'Integrante'),
(127, 40, 'Integrante'),
(128, 35, 'Integrante'),
(129, 20, 'Secretario'),
(129, 43, 'Integrante'),
(130, 14, 'Integrante'),
(130, 41, 'Integrante'),
(130, 46, 'Integrante'),
(130, 85, 'Integrante'),
(131, 13, 'Integrante'),
(131, 35, 'Secretario'),
(131, 39, 'Integrante'),
(132, 42, 'Integrante'),
(132, 45, 'Secretario'),
(133, 20, 'Integrante'),
(133, 28, 'Secretario'),
(133, 33, 'Integrante'),
(134, 5, 'Integrante'),
(134, 6, 'Secretario'),
(134, 75, 'Integrante'),
(135, 28, 'Integrante'),
(135, 46, 'Secretario'),
(136, 16, 'Integrante'),
(136, 17, 'Integrante'),
(136, 43, 'Secretario'),
(137, 16, 'Integrante'),
(137, 31, 'Integrante'),
(137, 82, 'Secretario'),
(137, 91, 'Secretario'),
(138, 30, 'Integrante'),
(139, 23, 'Integrante'),
(139, 36, 'Integrante'),
(139, 37, 'Integrante'),
(139, 113, 'Secretario'),
(140, 7, 'Secretario'),
(140, 16, 'Integrante'),
(140, 22, 'Integrante'),
(141, 19, 'Integrante'),
(141, 22, 'Secretario'),
(141, 23, 'Integrante'),
(142, 23, 'Secretario'),
(142, 25, 'Integrante'),
(142, 27, 'Integrante'),
(143, 34, 'Presidente'),
(144, 44, 'Secretario'),
(145, 16, 'Secretario'),
(145, 31, 'Integrante'),
(146, 16, 'Integrante'),
(146, 41, 'Secretario'),
(146, 79, 'Integrante'),
(147, 17, 'Integrante'),
(147, 40, 'Integrante'),
(147, 47, 'Integrante'),
(148, 30, 'Integrante'),
(148, 37, 'Secretario'),
(148, 87, 'Integrante'),
(148, 113, 'Presidente'),
(149, 13, 'Integrante'),
(149, 24, 'Secretario'),
(149, 36, 'Integrante'),
(150, 7, 'Integrante'),
(150, 10, 'Integrante'),
(151, 10, 'Integrante'),
(151, 12, 'Integrante'),
(151, 18, 'Secretario'),
(152, 11, 'Integrante'),
(152, 27, 'Integrante'),
(152, 72, 'Integrante'),
(153, 45, 'Integrante'),
(154, 21, 'Integrante'),
(154, 23, 'Integrante'),
(154, 81, 'Secretario'),
(155, 13, 'Secretario'),
(155, 40, 'Integrante'),
(155, 122, 'Integrante'),
(157, 16, 'Integrante'),
(157, 24, 'Integrante'),
(157, 31, 'Secretario'),
(158, 12, 'Integrante'),
(158, 27, 'Integrante'),
(158, 42, 'Secretario'),
(159, 8, 'Integrante'),
(159, 17, 'Secretario'),
(159, 19, 'Integrante'),
(159, 67, 'Integrante'),
(159, 87, 'Integrante'),
(159, 116, 'Integrante'),
(160, 9, 'Secretario'),
(160, 35, 'Integrante'),
(161, 14, 'Secretario'),
(161, 33, 'Integrante'),
(162, 21, 'Integrante'),
(162, 44, 'Secretario'),
(162, 86, 'Integrante'),
(163, 11, 'Integrante'),
(163, 12, 'Presidente'),
(163, 49, 'Integrante'),
(164, 16, 'Integrante'),
(164, 28, 'Integrante'),
(164, 30, 'Secretario'),
(165, 9, 'Presidente'),
(165, 25, 'Integrante'),
(165, 89, 'Integrante'),
(167, 5, 'Secretario'),
(167, 9, 'Secretario'),
(167, 33, 'Integrante'),
(167, 89, 'Integrante'),
(168, 30, 'Secretario'),
(168, 40, 'Integrante'),
(168, 113, 'Integrante'),
(168, 116, 'Secretario'),
(169, 36, 'Secretario'),
(169, 42, 'Integrante'),
(169, 85, 'Secretario'),
(170, 5, 'Secretario'),
(170, 9, 'Integrante'),
(170, 11, 'Integrante'),
(170, 114, 'Integrante'),
(171, 14, 'Integrante'),
(171, 34, 'Integrante'),
(171, 39, 'Secretario'),
(172, 9, 'Integrante'),
(172, 24, 'Secretario'),
(175, 7, 'Integrante'),
(175, 10, 'Secretario'),
(175, 111, 'Integrante'),
(177, 5, 'Integrante'),
(177, 37, 'Secretario'),
(177, 78, 'Secretario'),
(178, 11, 'Integrante'),
(178, 30, 'Secretario'),
(178, 43, 'Integrante'),
(178, 90, 'Secretario'),
(179, 21, 'Secretario'),
(179, 31, 'Integrante'),
(179, 36, 'Integrante'),
(180, 5, 'Secretario'),
(180, 14, 'Integrante'),
(180, 21, 'Integrante'),
(180, 64, 'Secretario'),
(181, 7, 'Integrante'),
(181, 39, 'Integrante'),
(181, 41, 'Secretario'),
(181, 64, 'Integrante'),
(182, 10, 'Integrante'),
(182, 12, 'Integrante'),
(182, 46, 'Integrante'),
(183, 5, 'Secretario'),
(183, 9, 'Integrante'),
(183, 21, 'Integrante'),
(183, 64, 'Integrante'),
(183, 69, 'Integrante'),
(183, 114, 'Integrante'),
(184, 7, 'Integrante'),
(184, 43, 'Integrante'),
(184, 46, 'Integrante'),
(185, 19, 'Secretario'),
(185, 23, 'Integrante'),
(185, 89, 'Integrante'),
(186, 10, 'Secretario'),
(186, 28, 'Integrante'),
(186, 35, 'Integrante'),
(187, 17, 'Presidente'),
(187, 25, 'Integrante'),
(188, 18, 'Integrante'),
(188, 19, 'Integrante'),
(188, 40, 'Integrante'),
(188, 65, 'Secretario'),
(188, 122, 'Integrante'),
(189, 11, 'Integrante'),
(189, 27, 'Secretario'),
(189, 35, 'Integrante'),
(189, 69, 'Integrante'),
(190, 20, 'Integrante'),
(190, 24, 'Integrante'),
(190, 47, 'Secretario'),
(191, 13, 'Integrante'),
(191, 24, 'Integrante'),
(191, 27, 'Integrante'),
(191, 81, 'Integrante'),
(192, 13, 'Integrante'),
(192, 34, 'Secretario'),
(193, 27, 'Integrante'),
(193, 42, 'Secretario'),
(193, 43, 'Integrante'),
(194, 5, 'Secretario'),
(194, 14, 'Integrante'),
(194, 78, 'Integrante'),
(195, 34, 'Secretario'),
(195, 45, 'Secretario'),
(195, 65, 'Secretario'),
(196, 41, 'Secretario'),
(197, 9, 'Integrante'),
(197, 11, 'Presidente'),
(197, 26, 'Integrante'),
(199, 18, 'Integrante'),
(199, 81, 'Integrante'),
(200, 6, 'Presidente'),
(200, 30, 'Integrante'),
(200, 33, 'Integrante'),
(201, 6, 'Secretario'),
(201, 33, 'Integrante'),
(201, 71, 'Integrante'),
(202, 9, 'Integrante'),
(202, 29, 'Integrante'),
(202, 71, 'Presidente'),
(202, 83, 'Integrante'),
(203, 26, 'Integrante'),
(203, 35, 'Integrante'),
(203, 39, 'Integrante'),
(203, 45, 'Integrante'),
(204, 25, 'Integrante'),
(204, 37, 'Secretario'),
(204, 71, 'Integrante'),
(205, 10, 'Integrante'),
(205, 28, 'Integrante'),
(205, 42, 'Secretario'),
(206, 21, 'Integrante'),
(206, 38, 'Integrante'),
(207, 16, 'Integrante'),
(207, 34, 'Integrante'),
(207, 46, 'Secretario'),
(207, 79, 'Integrante'),
(207, 91, 'Integrante'),
(208, 8, 'Integrante'),
(208, 11, 'Integrante'),
(208, 41, 'Secretario'),
(210, 34, 'Integrante'),
(211, 17, 'Secretario'),
(211, 19, 'Integrante'),
(211, 25, 'Integrante'),
(211, 67, 'Integrante'),
(211, 73, 'Integrante'),
(211, 86, 'Integrante'),
(211, 229, 'Integrante'),
(212, 6, 'Secretario'),
(212, 48, 'Integrante'),
(212, 67, 'Integrante'),
(212, 77, 'Integrante'),
(213, 9, 'Integrante'),
(213, 23, 'Integrante'),
(213, 43, 'Secretario'),
(213, 229, 'Integrante'),
(214, 13, 'Integrante'),
(214, 24, 'Secretario'),
(214, 28, 'Integrante'),
(214, 229, 'Integrante'),
(215, 8, 'Integrante'),
(215, 10, 'Integrante'),
(215, 18, 'Secretario'),
(216, 41, 'Integrante'),
(216, 69, 'Presidente'),
(217, 7, 'Integrante'),
(217, 20, 'Secretario'),
(217, 229, 'Integrante'),
(218, 12, 'Integrante'),
(218, 21, 'Integrante'),
(218, 46, 'Secretario'),
(219, 20, 'Integrante'),
(219, 28, 'Secretario'),
(219, 79, 'Integrante'),
(219, 116, 'Integrante'),
(219, 229, 'Integrante'),
(220, 44, 'Integrante'),
(220, 45, 'Integrante'),
(220, 48, 'Secretario'),
(220, 49, 'Secretario'),
(220, 64, 'Integrante'),
(221, 22, 'Secretario'),
(221, 31, 'Integrante'),
(221, 89, 'Integrante'),
(221, 229, 'Presidente'),
(222, 14, 'Integrante'),
(222, 37, 'Integrante'),
(222, 88, 'Integrante'),
(222, 90, 'Integrante'),
(222, 113, 'Integrante'),
(223, 31, 'Integrante'),
(223, 36, 'Integrante'),
(223, 40, 'Secretario'),
(224, 6, 'Integrante'),
(224, 33, 'Secretario'),
(225, 21, 'Integrante'),
(225, 22, 'Integrante'),
(225, 46, 'Secretario'),
(226, 9, 'Secretario'),
(226, 11, 'Integrante'),
(226, 13, 'Secretario'),
(227, 5, 'Secretario'),
(227, 48, 'Integrante'),
(227, 89, 'Integrante'),
(228, 35, 'Secretario'),
(228, 39, 'Integrante'),
(228, 44, 'Integrante'),
(228, 120, 'Integrante'),
(228, 122, 'Integrante'),
(231, 29, 'Integrante'),
(231, 46, 'Presidente'),
(232, 27, 'Integrante'),
(232, 35, 'Integrante'),
(232, 91, 'Secretario'),
(233, 28, 'Integrante'),
(233, 40, 'Integrante'),
(233, 78, 'Integrante'),
(234, 11, 'Integrante'),
(234, 17, 'Integrante'),
(234, 37, 'Integrante'),
(234, 78, 'Integrante'),
(235, 7, 'Secretario'),
(235, 21, 'Integrante'),
(235, 41, 'Integrante'),
(236, 8, 'Integrante'),
(236, 19, 'Integrante'),
(236, 22, 'Presidente'),
(237, 30, 'Integrante'),
(237, 48, 'Secretario'),
(238, 6, 'Integrante'),
(238, 12, 'Secretario'),
(238, 14, 'Integrante'),
(239, 8, 'Integrante'),
(239, 10, 'Integrante'),
(239, 18, 'Integrante'),
(240, 5, 'Secretario'),
(240, 14, 'Integrante'),
(240, 37, 'Integrante'),
(241, 28, 'Integrante'),
(241, 29, 'Integrante'),
(242, 12, 'Secretario'),
(242, 20, 'Integrante'),
(242, 35, 'Integrante'),
(242, 83, 'Integrante'),
(242, 111, 'Integrante'),
(242, 112, 'Presidente'),
(244, 18, 'Secretario'),
(244, 22, 'Integrante'),
(244, 43, 'Integrante'),
(244, 73, 'Integrante'),
(244, 88, 'Integrante'),
(244, 121, 'Integrante'),
(245, 34, 'Integrante'),
(245, 37, 'Presidente'),
(245, 80, 'Integrante'),
(246, 46, 'Secretario'),
(247, 9, 'Integrante'),
(247, 27, 'Integrante'),
(247, 40, 'Secretario'),
(247, 117, 'Integrante'),
(248, 27, 'Secretario'),
(248, 33, 'Integrante'),
(248, 40, 'Integrante'),
(248, 117, 'Presidente'),
(249, 23, 'Integrante'),
(249, 30, 'Secretario'),
(249, 42, 'Integrante'),
(250, 41, 'Integrante'),
(250, 46, 'Integrante'),
(250, 121, 'Secretario'),
(251, 17, 'Integrante'),
(251, 42, 'Secretario'),
(251, 86, 'Secretario'),
(252, 14, 'Secretario'),
(252, 22, 'Integrante'),
(252, 37, 'Integrante'),
(252, 121, 'Integrante'),
(253, 18, 'Integrante'),
(253, 28, 'Integrante'),
(253, 29, 'Integrante'),
(253, 69, 'Secretario'),
(253, 72, 'Integrante'),
(253, 88, 'Integrante'),
(253, 117, 'Integrante'),
(254, 10, 'Integrante'),
(254, 18, 'Integrante'),
(254, 37, 'Integrante'),
(254, 70, 'Presidente'),
(255, 22, 'Integrante'),
(255, 30, 'Integrante'),
(255, 38, 'Secretario'),
(255, 70, 'Integrante'),
(255, 72, 'Integrante'),
(255, 78, 'Integrante'),
(256, 19, 'Integrante'),
(256, 30, 'Integrante'),
(256, 37, 'Secretario'),
(256, 90, 'Integrante'),
(258, 45, 'Secretario'),
(258, 71, 'Secretario'),
(258, 84, 'Integrante'),
(258, 90, 'Integrante'),
(259, 19, 'Secretario'),
(259, 33, 'Integrante'),
(259, 70, 'Integrante'),
(260, 22, 'Integrante'),
(260, 33, 'Secretario'),
(260, 73, 'Integrante'),
(262, 37, 'Integrante'),
(262, 65, 'Presidente'),
(263, 25, 'Integrante'),
(263, 34, 'Secretario'),
(263, 49, 'Integrante'),
(263, 65, 'Integrante'),
(265, 11, 'Secretario'),
(265, 42, 'Integrante'),
(265, 46, 'Integrante'),
(266, 45, 'Presidente'),
(267, 23, 'Integrante'),
(267, 29, 'Integrante'),
(267, 47, 'Secretario'),
(268, 8, 'Integrante'),
(268, 41, 'Integrante'),
(268, 49, 'Integrante'),
(268, 229, 'Integrante'),
(269, 44, 'Integrante'),
(270, 45, 'Integrante'),
(270, 76, 'Secretario'),
(271, 23, 'Secretario'),
(271, 47, 'Integrante'),
(271, 49, 'Integrante'),
(271, 64, 'Presidente'),
(271, 91, 'Integrante'),
(273, 19, 'Integrante'),
(273, 78, 'Presidente'),
(273, 122, 'Integrante'),
(275, 19, 'Secretario'),
(275, 21, 'Integrante'),
(275, 44, 'Integrante'),
(276, 10, 'Integrante'),
(276, 18, 'Integrante'),
(276, 40, 'Secretario'),
(276, 88, 'Integrante'),
(276, 122, 'Presidente'),
(277, 6, 'Integrante'),
(277, 14, 'Integrante'),
(277, 77, 'Integrante'),
(277, 78, 'Integrante'),
(278, 25, 'Integrante'),
(278, 34, 'Integrante'),
(278, 45, 'Secretario'),
(278, 49, 'Integrante'),
(278, 80, 'Secretario'),
(278, 81, 'Integrante'),
(280, 9, 'Integrante'),
(280, 25, 'Integrante'),
(281, 19, 'Integrante'),
(281, 41, 'Integrante'),
(284, 19, 'Integrante'),
(284, 29, 'Secretario'),
(284, 66, 'Integrante'),
(285, 20, 'Integrante'),
(285, 28, 'Integrante'),
(285, 46, 'Integrante'),
(288, 6, 'Secretario'),
(288, 7, 'Integrante'),
(288, 8, 'Integrante'),
(288, 77, 'Integrante'),
(288, 111, 'Integrante'),
(288, 112, 'Integrante'),
(288, 122, 'Integrante'),
(289, 5, 'Integrante'),
(289, 38, 'Integrante'),
(289, 64, 'Secretario'),
(289, 78, 'Integrante'),
(289, 122, 'Secretario'),
(291, 29, 'Integrante'),
(291, 37, 'Integrante'),
(291, 41, 'Secretario'),
(291, 121, 'Integrante'),
(291, 122, 'Integrante'),
(292, 5, 'Integrante'),
(296, 14, 'Secretario'),
(296, 28, 'Integrante'),
(296, 29, 'Integrante'),
(296, 78, 'Integrante'),
(296, 91, 'Integrante'),
(297, 9, 'Secretario'),
(297, 14, 'Integrante'),
(298, 5, 'Integrante'),
(298, 33, 'Secretario'),
(298, 38, 'Integrante'),
(299, 10, 'Integrante'),
(299, 26, 'Secretario'),
(299, 41, 'Secretario'),
(299, 72, 'Integrante'),
(300, 22, 'Integrante'),
(300, 45, 'Integrante'),
(300, 85, 'Integrante'),
(300, 89, 'Secretario'),
(301, 18, 'Integrante'),
(301, 47, 'Secretario'),
(301, 79, 'Integrante'),
(301, 112, 'Integrante'),
(303, 9, 'Secretario'),
(303, 40, 'Integrante'),
(303, 91, 'Integrante'),
(304, 5, 'Secretario'),
(304, 6, 'Integrante'),
(304, 28, 'Integrante'),
(304, 117, 'Integrante'),
(305, 13, 'Integrante'),
(305, 35, 'Secretario'),
(306, 22, 'Secretario'),
(306, 33, 'Integrante'),
(306, 45, 'Integrante'),
(306, 120, 'Presidente'),
(307, 6, 'Secretario'),
(307, 38, 'Integrante'),
(307, 44, 'Integrante'),
(308, 9, 'Integrante'),
(308, 24, 'Presidente'),
(308, 36, 'Integrante'),
(308, 79, 'Integrante'),
(308, 87, 'Integrante'),
(309, 7, 'Integrante'),
(309, 41, 'Integrante'),
(309, 43, 'Secretario'),
(311, 21, 'Secretario'),
(311, 37, 'Integrante'),
(311, 45, 'Integrante'),
(312, 7, 'Secretario'),
(312, 31, 'Integrante'),
(312, 111, 'Presidente'),
(313, 23, 'Secretario'),
(313, 25, 'Integrante'),
(313, 34, 'Integrante'),
(314, 7, 'Integrante'),
(314, 12, 'Integrante'),
(314, 43, 'Integrante'),
(314, 121, 'Secretario'),
(315, 23, 'Integrante'),
(315, 48, 'Secretario'),
(315, 69, 'Secretario'),
(316, 8, 'Secretario'),
(316, 18, 'Integrante'),
(316, 30, 'Integrante'),
(316, 67, 'Integrante'),
(316, 69, 'Integrante'),
(316, 73, 'Integrante'),
(317, 20, 'Secretario'),
(317, 31, 'Integrante'),
(317, 112, 'Integrante'),
(318, 8, 'Secretario'),
(318, 41, 'Integrante'),
(319, 43, 'Secretario'),
(319, 44, 'Integrante'),
(319, 46, 'Integrante'),
(320, 25, 'Integrante'),
(320, 34, 'Integrante'),
(320, 47, 'Integrante'),
(320, 75, 'Integrante'),
(321, 24, 'Integrante'),
(321, 29, 'Integrante'),
(321, 47, 'Integrante'),
(321, 120, 'Integrante'),
(322, 7, 'Presidente'),
(322, 41, 'Integrante'),
(323, 25, 'Integrante'),
(323, 34, 'Secretario'),
(323, 49, 'Integrante'),
(324, 6, 'Integrante'),
(324, 14, 'Integrante'),
(324, 38, 'Secretario'),
(324, 89, 'Secretario'),
(325, 34, 'Integrante'),
(325, 49, 'Integrante'),
(327, 19, 'Integrante'),
(327, 47, 'Integrante'),
(327, 116, 'Secretario'),
(332, 11, 'Secretario'),
(332, 29, 'Secretario'),
(332, 120, 'Secretario'),
(333, 8, 'Integrante'),
(333, 11, 'Integrante'),
(333, 24, 'Secretario'),
(333, 89, 'Presidente'),
(335, 117, 'Secretario'),
(336, 11, 'Integrante'),
(336, 18, 'Secretario'),
(336, 24, 'Secretario'),
(337, 25, 'Integrante'),
(337, 36, 'Secretario'),
(337, 86, 'Presidente'),
(337, 122, 'Integrante'),
(339, 18, 'Secretario'),
(339, 43, 'Integrante'),
(339, 48, 'Secretario'),
(339, 49, 'Integrante'),
(339, 79, 'Integrante'),
(339, 88, 'Presidente'),
(339, 117, 'Integrante'),
(340, 81, 'Integrante'),
(342, 17, 'Secretario'),
(342, 40, 'Integrante'),
(342, 44, 'Integrante'),
(342, 86, 'Secretario'),
(343, 5, 'Secretario'),
(343, 14, 'Presidente'),
(343, 85, 'Integrante'),
(344, 10, 'Integrante'),
(344, 25, 'Integrante'),
(344, 31, 'Secretario'),
(344, 76, 'Integrante'),
(344, 111, 'Secretario'),
(345, 21, 'Integrante'),
(345, 43, 'Integrante'),
(345, 44, 'Secretario'),
(346, 44, 'Secretario'),
(346, 88, 'Secretario'),
(347, 10, 'Integrante'),
(347, 18, 'Secretario'),
(347, 31, 'Integrante'),
(347, 88, 'Integrante'),
(348, 19, 'Presidente'),
(348, 26, 'Integrante'),
(348, 66, 'Integrante'),
(349, 20, 'Secretario'),
(349, 31, 'Integrante'),
(349, 120, 'Integrante'),
(351, 17, 'Integrante'),
(351, 25, 'Secretario'),
(351, 47, 'Integrante'),
(351, 49, 'Integrante'),
(353, 9, 'Secretario'),
(353, 37, 'Integrante'),
(353, 46, 'Integrante'),
(353, 65, 'Integrante'),
(354, 7, 'Integrante'),
(354, 12, 'Integrante'),
(354, 18, 'Integrante'),
(354, 89, 'Integrante'),
(355, 5, 'Integrante'),
(355, 23, 'Integrante'),
(355, 34, 'Integrante'),
(355, 86, 'Integrante'),
(355, 114, 'Integrante'),
(356, 26, 'Integrante'),
(356, 27, 'Integrante'),
(356, 33, 'Presidente'),
(356, 65, 'Integrante'),
(356, 76, 'Integrante'),
(357, 35, 'Integrante'),
(357, 38, 'Secretario'),
(357, 79, 'Integrante'),
(357, 116, 'Integrante'),
(358, 5, 'Presidente'),
(358, 34, 'Integrante'),
(358, 49, 'Integrante'),
(359, 12, 'Integrante'),
(359, 20, 'Integrante'),
(359, 21, 'Secretario'),
(359, 111, 'Integrante'),
(359, 112, 'Integrante'),
(360, 23, 'Integrante'),
(360, 40, 'Integrante'),
(360, 44, 'Presidente'),
(362, 36, 'Integrante'),
(362, 40, 'Integrante'),
(362, 79, 'Integrante'),
(365, 37, 'Integrante'),
(365, 45, 'Secretario'),
(365, 65, 'Integrante'),
(367, 5, 'Integrante'),
(368, 24, 'Secretario'),
(368, 26, 'Integrante'),
(368, 35, 'Integrante'),
(368, 39, 'Presidente'),
(369, 24, 'Secretario'),
(369, 27, 'Integrante'),
(369, 76, 'Integrante'),
(369, 83, 'Integrante'),
(370, 7, 'Integrante'),
(370, 25, 'Secretario'),
(370, 34, 'Integrante'),
(370, 82, 'Presidente'),
(371, 6, 'Integrante'),
(371, 38, 'Integrante'),
(371, 91, 'Presidente'),
(372, 26, 'Integrante'),
(372, 111, 'Secretario'),
(373, 27, 'Integrante'),
(373, 34, 'Secretario'),
(373, 39, 'Integrante'),
(373, 69, 'Integrante'),
(373, 121, 'Integrante'),
(373, 229, 'Integrante'),
(374, 10, 'Integrante'),
(374, 17, 'Secretario'),
(374, 27, 'Integrante'),
(374, 49, 'Integrante'),
(374, 87, 'Presidente'),
(376, 30, 'Integrante'),
(376, 34, 'Integrante'),
(376, 88, 'Integrante'),
(378, 19, 'Secretario'),
(378, 46, 'Secretario'),
(378, 64, 'Integrante'),
(378, 72, 'Integrante'),
(378, 81, 'Integrante'),
(378, 89, 'Integrante'),
(378, 114, 'Integrante'),
(380, 11, 'Integrante'),
(380, 19, 'Secretario'),
(380, 47, 'Integrante'),
(380, 65, 'Integrante'),
(380, 66, 'Integrante'),
(380, 80, 'Integrante'),
(380, 86, 'Integrante'),
(380, 111, 'Integrante'),
(380, 116, 'Integrante'),
(382, 19, 'Integrante'),
(382, 66, 'Integrante'),
(382, 71, 'Integrante'),
(383, 11, 'Secretario'),
(383, 29, 'Integrante'),
(383, 43, 'Integrante'),
(383, 64, 'Integrante'),
(383, 78, 'Integrante'),
(383, 121, 'Integrante'),
(383, 122, 'Integrante'),
(384, 31, 'Integrante'),
(384, 33, 'Integrante'),
(384, 36, 'Secretario'),
(384, 79, 'Presidente'),
(385, 5, 'Integrante'),
(385, 29, 'Integrante'),
(385, 66, 'Integrante'),
(385, 84, 'Integrante'),
(385, 114, 'Secretario'),
(386, 22, 'Integrante'),
(386, 37, 'Secretario'),
(386, 46, 'Integrante'),
(386, 66, 'Secretario'),
(386, 77, 'Integrante'),
(387, 29, 'Integrante'),
(387, 42, 'Integrante'),
(387, 46, 'Secretario'),
(388, 6, 'Integrante'),
(388, 41, 'Secretario'),
(388, 71, 'Integrante'),
(390, 7, 'Integrante'),
(390, 12, 'Integrante'),
(390, 20, 'Integrante'),
(390, 70, 'Secretario'),
(390, 84, 'Integrante'),
(391, 14, 'Secretario'),
(391, 29, 'Integrante'),
(392, 6, 'Integrante'),
(392, 12, 'Secretario'),
(392, 20, 'Integrante'),
(392, 71, 'Secretario'),
(393, 25, 'Integrante'),
(393, 30, 'Integrante'),
(393, 37, 'Integrante'),
(394, 7, 'Secretario'),
(394, 12, 'Integrante'),
(394, 18, 'Integrante'),
(394, 71, 'Integrante'),
(394, 84, 'Secretario'),
(394, 111, 'Integrante'),
(395, 28, 'Integrante'),
(395, 38, 'Integrante'),
(395, 47, 'Secretario'),
(396, 10, 'Integrante'),
(396, 44, 'Integrante'),
(396, 78, 'Integrante'),
(397, 19, 'Secretario'),
(397, 29, 'Integrante'),
(397, 34, 'Integrante'),
(398, 26, 'Presidente'),
(398, 44, 'Integrante'),
(398, 47, 'Integrante'),
(399, 5, 'Integrante'),
(399, 17, 'Secretario'),
(399, 85, 'Integrante'),
(400, 11, 'Integrante'),
(400, 36, 'Integrante'),
(400, 42, 'Integrante'),
(401, 9, 'Secretario'),
(401, 19, 'Integrante'),
(401, 40, 'Integrante'),
(401, 87, 'Integrante'),
(401, 116, 'Integrante'),
(403, 44, 'Integrante'),
(404, 7, 'Integrante'),
(404, 47, 'Integrante'),
(404, 77, 'Secretario'),
(404, 112, 'Secretario'),
(405, 19, 'Integrante'),
(405, 29, 'Integrante'),
(405, 30, 'Integrante'),
(405, 66, 'Integrante'),
(406, 25, 'Integrante'),
(406, 35, 'Integrante'),
(406, 39, 'Integrante'),
(407, 14, 'Secretario'),
(407, 38, 'Integrante'),
(408, 7, 'Secretario'),
(408, 18, 'Integrante'),
(408, 19, 'Integrante'),
(409, 14, 'Secretario'),
(409, 85, 'Presidente'),
(410, 27, 'Secretario'),
(410, 34, 'Integrante'),
(411, 8, 'Secretario'),
(411, 21, 'Integrante'),
(411, 44, 'Integrante'),
(412, 7, 'Integrante'),
(412, 20, 'Secretario'),
(412, 77, 'Integrante'),
(412, 78, 'Integrante'),
(412, 82, 'Integrante'),
(414, 41, 'Integrante'),
(414, 45, 'Secretario'),
(414, 112, 'Integrante'),
(414, 114, 'Secretario'),
(415, 14, 'Integrante'),
(415, 18, 'Secretario'),
(415, 71, 'Integrante'),
(415, 77, 'Integrante'),
(415, 112, 'Integrante'),
(415, 114, 'Integrante'),
(415, 122, 'Integrante'),
(416, 9, 'Secretario'),
(416, 19, 'Secretario'),
(416, 36, 'Presidente'),
(416, 70, 'Integrante'),
(417, 9, 'Integrante'),
(417, 25, 'Secretario'),
(417, 42, 'Secretario'),
(417, 49, 'Integrante'),
(418, 34, 'Secretario'),
(418, 49, 'Integrante'),
(418, 66, 'Integrante'),
(418, 87, 'Integrante'),
(418, 229, 'Integrante'),
(419, 5, 'Integrante'),
(419, 24, 'Integrante'),
(419, 42, 'Integrante'),
(420, 9, 'Secretario'),
(420, 40, 'Integrante'),
(420, 41, 'Secretario'),
(420, 87, 'Integrante'),
(420, 90, 'Integrante'),
(420, 229, 'Integrante'),
(422, 43, 'Secretario'),
(422, 44, 'Integrante'),
(423, 10, 'Integrante'),
(423, 16, 'Integrante'),
(423, 18, 'Secretario'),
(423, 88, 'Integrante'),
(423, 112, 'Secretario'),
(424, 13, 'Integrante'),
(424, 42, 'Secretario'),
(425, 20, 'Integrante'),
(425, 30, 'Secretario'),
(425, 40, 'Integrante'),
(425, 90, 'Integrante'),
(425, 229, 'Secretario'),
(426, 22, 'Integrante'),
(426, 30, 'Integrante'),
(426, 80, 'Integrante'),
(426, 116, 'Integrante'),
(427, 16, 'Integrante'),
(427, 41, 'Secretario'),
(428, 25, 'Presidente'),
(428, 34, 'Integrante'),
(428, 49, 'Secretario'),
(429, 10, 'Presidente'),
(429, 16, 'Integrante'),
(429, 23, 'Integrante'),
(431, 16, 'Integrante'),
(431, 24, 'Integrante'),
(431, 39, 'Integrante'),
(431, 69, 'Integrante'),
(431, 76, 'Integrante'),
(432, 16, 'Integrante'),
(432, 41, 'Secretario'),
(432, 48, 'Integrante'),
(432, 121, 'Integrante'),
(434, 10, 'Secretario'),
(434, 16, 'Integrante'),
(434, 43, 'Integrante'),
(435, 25, 'Integrante'),
(435, 34, 'Integrante'),
(435, 49, 'Integrante'),
(436, 11, 'Secretario'),
(436, 42, 'Integrante'),
(438, 25, 'Integrante'),
(438, 34, 'Integrante'),
(438, 47, 'Secretario'),
(438, 49, 'Presidente'),
(439, 24, 'Integrante'),
(439, 35, 'Integrante'),
(440, 20, 'Integrante'),
(440, 25, 'Integrante'),
(440, 41, 'Integrante'),
(440, 49, 'Integrante'),
(440, 76, 'Integrante'),
(441, 16, 'Integrante'),
(441, 42, 'Integrante'),
(442, 6, 'Integrante'),
(442, 12, 'Integrante'),
(442, 71, 'Secretario'),
(443, 9, 'Integrante'),
(443, 43, 'Integrante'),
(443, 44, 'Secretario'),
(443, 87, 'Integrante'),
(443, 117, 'Integrante'),
(444, 12, 'Secretario'),
(444, 27, 'Integrante'),
(444, 112, 'Secretario'),
(445, 6, 'Secretario'),
(445, 38, 'Integrante'),
(445, 71, 'Integrante'),
(446, 20, 'Integrante'),
(446, 24, 'Integrante'),
(446, 42, 'Secretario'),
(446, 70, 'Integrante'),
(446, 83, 'Presidente'),
(447, 28, 'Integrante'),
(447, 37, 'Integrante'),
(448, 8, 'Integrante'),
(448, 10, 'Secretario'),
(448, 18, 'Integrante'),
(449, 40, 'Presidente'),
(449, 44, 'Integrante'),
(450, 17, 'Integrante'),
(450, 29, 'Integrante'),
(450, 45, 'Integrante'),
(452, 19, 'Secretario'),
(452, 20, 'Integrante'),
(452, 48, 'Integrante'),
(452, 65, 'Integrante'),
(452, 90, 'Integrante'),
(452, 116, 'Integrante'),
(453, 30, 'Presidente'),
(454, 11, 'Secretario'),
(454, 23, 'Presidente'),
(454, 47, 'Secretario'),
(455, 12, 'Integrante'),
(455, 26, 'Integrante'),
(455, 34, 'Secretario'),
(455, 69, 'Integrante'),
(455, 113, 'Integrante'),
(457, 30, 'Secretario'),
(457, 37, 'Integrante'),
(457, 40, 'Secretario'),
(457, 90, 'Integrante'),
(457, 116, 'Presidente'),
(458, 20, 'Integrante'),
(458, 48, 'Integrante'),
(458, 71, 'Integrante'),
(458, 84, 'Integrante'),
(458, 88, 'Integrante'),
(458, 91, 'Integrante'),
(458, 111, 'Integrante'),
(458, 112, 'Integrante'),
(458, 117, 'Integrante'),
(459, 17, 'Secretario'),
(459, 24, 'Integrante'),
(459, 34, 'Secretario'),
(461, 25, 'Integrante'),
(461, 34, 'Secretario'),
(461, 39, 'Integrante'),
(461, 49, 'Integrante'),
(462, 13, 'Integrante'),
(462, 31, 'Secretario'),
(462, 39, 'Integrante'),
(462, 112, 'Integrante'),
(463, 8, 'Integrante'),
(463, 18, 'Integrante'),
(463, 28, 'Presidente'),
(464, 6, 'Integrante'),
(464, 20, 'Integrante'),
(464, 72, 'Secretario'),
(464, 83, 'Integrante'),
(465, 30, 'Integrante'),
(465, 36, 'Integrante'),
(465, 41, 'Integrante'),
(465, 75, 'Integrante'),
(465, 90, 'Integrante'),
(466, 35, 'Secretario'),
(468, 24, 'Integrante'),
(468, 30, 'Secretario'),
(468, 34, 'Integrante'),
(468, 87, 'Integrante'),
(468, 90, 'Integrante'),
(468, 116, 'Secretario'),
(468, 121, 'Integrante'),
(469, 12, 'Integrante'),
(469, 28, 'Integrante'),
(469, 89, 'Integrante'),
(470, 23, 'Integrante'),
(470, 48, 'Integrante'),
(471, 5, 'Integrante'),
(471, 38, 'Secretario'),
(471, 42, 'Integrante'),
(472, 24, 'Integrante'),
(472, 27, 'Integrante'),
(472, 44, 'Secretario'),
(472, 67, 'Integrante'),
(473, 11, 'Integrante'),
(473, 26, 'Integrante'),
(473, 27, 'Presidente'),
(473, 35, 'Integrante'),
(474, 45, 'Secretario'),
(474, 47, 'Integrante'),
(474, 48, 'Integrante'),
(474, 91, 'Integrante'),
(477, 11, 'Integrante'),
(477, 19, 'Integrante'),
(477, 36, 'Integrante'),
(479, 48, 'Integrante'),
(480, 24, 'Integrante'),
(480, 36, 'Secretario'),
(480, 87, 'Secretario'),
(481, 7, 'Integrante'),
(481, 29, 'Integrante'),
(481, 31, 'Integrante'),
(481, 111, 'Secretario'),
(482, 43, 'Integrante'),
(482, 44, 'Integrante'),
(483, 24, 'Integrante'),
(483, 49, 'Secretario'),
(484, 44, 'Integrante'),
(484, 49, 'Secretario'),
(485, 20, 'Presidente'),
(485, 27, 'Integrante'),
(486, 35, 'Presidente'),
(487, 17, 'Secretario'),
(487, 28, 'Integrante'),
(487, 87, 'Integrante'),
(487, 88, 'Integrante'),
(488, 35, 'Integrante'),
(488, 39, 'Integrante'),
(488, 40, 'Secretario'),
(488, 75, 'Integrante'),
(488, 113, 'Secretario'),
(489, 9, 'Integrante'),
(489, 43, 'Presidente'),
(490, 35, 'Secretario'),
(490, 42, 'Integrante'),
(490, 43, 'Integrante'),
(491, 12, 'Integrante'),
(491, 28, 'Integrante'),
(491, 46, 'Secretario'),
(491, 83, 'Integrante'),
(493, 13, 'Integrante'),
(493, 16, 'Integrante'),
(493, 25, 'Secretario'),
(493, 75, 'Integrante'),
(493, 76, 'Integrante'),
(493, 91, 'Integrante'),
(493, 113, 'Integrante'),
(494, 12, 'Integrante'),
(494, 31, 'Integrante'),
(494, 33, 'Secretario'),
(494, 82, 'Integrante'),
(494, 83, 'Integrante'),
(495, 67, 'Integrante'),
(498, 25, 'Secretario'),
(498, 29, 'Presidente'),
(498, 47, 'Secretario'),
(499, 31, 'Secretario'),
(499, 42, 'Secretario'),
(499, 67, 'Integrante'),
(512, 29, 'Integrante'),
(512, 48, 'Integrante'),
(512, 120, 'Integrante'),
(519, 7, 'Integrante'),
(519, 12, 'Integrante'),
(519, 31, 'Integrante'),
(519, 111, 'Integrante'),
(519, 112, 'Integrante'),
(520, 8, 'Integrante'),
(520, 23, 'Integrante'),
(520, 38, 'Integrante'),
(538, 33, 'Secretario'),
(538, 40, 'Integrante'),
(538, 44, 'Integrante'),
(576, 7, 'Integrante'),
(576, 8, 'Integrante'),
(576, 45, 'Secretario'),
(577, 9, 'Integrante'),
(577, 12, 'Integrante'),
(577, 36, 'Integrante'),
(578, 13, 'Integrante'),
(578, 37, 'Integrante'),
(604, 30, 'Integrante'),
(604, 41, 'Integrante'),
(656, 8, 'Secretario'),
(656, 18, 'Integrante'),
(656, 88, 'Secretario'),
(666, 27, 'Integrante'),
(666, 29, 'Integrante'),
(666, 43, 'Secretario'),
(666, 229, 'Integrante'),
(673, 46, 'Integrante'),
(676, 22, 'Integrante'),
(676, 46, 'Secretario'),
(709, 21, 'Integrante'),
(709, 45, 'Integrante'),
(709, 229, 'Secretario'),
(729, 7, 'Secretario'),
(729, 17, 'Integrante'),
(729, 30, 'Integrante'),
(729, 76, 'Integrante'),
(729, 90, 'Integrante'),
(729, 111, 'Integrante'),
(730, 7, 'Integrante'),
(730, 20, 'Integrante'),
(730, 71, 'Integrante'),
(730, 84, 'Integrante'),
(757, 22, 'Secretario'),
(757, 70, 'Secretario'),
(761, 7, 'Integrante'),
(761, 20, 'Integrante'),
(761, 28, 'Integrante'),
(774, 20, 'Secretario'),
(774, 30, 'Integrante'),
(774, 48, 'Secretario'),
(774, 88, 'Integrante'),
(782, 7, 'Integrante'),
(782, 28, 'Secretario'),
(782, 82, 'Integrante'),
(783, 10, 'Integrante'),
(783, 20, 'Integrante'),
(783, 39, 'Integrante'),
(786, 7, 'Secretario'),
(786, 31, 'Integrante'),
(786, 36, 'Integrante'),
(787, 5, 'Integrante'),
(787, 91, 'Integrante'),
(790, 33, 'Integrante'),
(790, 35, 'Integrante'),
(790, 38, 'Integrante'),
(790, 76, 'Integrante'),
(790, 78, 'Secretario'),
(790, 90, 'Integrante'),
(794, 46, 'Integrante'),
(794, 48, 'Secretario'),
(794, 69, 'Integrante'),
(794, 79, 'Secretario'),
(826, 23, 'Integrante'),
(826, 30, 'Integrante'),
(826, 38, 'Integrante'),
(830, 5, 'Integrante'),
(830, 14, 'Integrante'),
(830, 31, 'Secretario'),
(830, 72, 'Secretario'),
(831, 13, 'Secretario'),
(831, 31, 'Integrante'),
(831, 48, 'Integrante'),
(834, 33, 'Integrante'),
(834, 41, 'Integrante'),
(834, 72, 'Integrante'),
(834, 85, 'Integrante'),
(834, 88, 'Integrante'),
(852, 14, 'Integrante'),
(861, 17, 'Integrante'),
(861, 19, 'Secretario'),
(861, 116, 'Integrante'),
(864, 17, 'Integrante'),
(864, 38, 'Integrante'),
(866, 10, 'Secretario'),
(866, 12, 'Integrante'),
(866, 34, 'Integrante'),
(866, 120, 'Secretario'),
(875, 35, 'Secretario'),
(875, 37, 'Secretario'),
(875, 45, 'Secretario'),
(875, 65, 'Integrante'),
(875, 114, 'Integrante'),
(877, 23, 'Integrante'),
(877, 39, 'Integrante'),
(877, 41, 'Secretario'),
(879, 8, 'Presidente'),
(879, 10, 'Integrante'),
(879, 18, 'Integrante'),
(879, 89, 'Integrante'),
(881, 35, 'Integrante'),
(881, 36, 'Integrante'),
(889, 6, 'Secretario'),
(889, 23, 'Integrante'),
(889, 36, 'Integrante'),
(889, 77, 'Integrante'),
(902, 70, 'Integrante'),
(902, 72, 'Integrante'),
(902, 84, 'Integrante'),
(902, 114, 'Presidente'),
(930, 12, 'Integrante'),
(930, 20, 'Integrante'),
(930, 82, 'Integrante'),
(930, 229, 'Integrante'),
(937, 13, 'Integrante'),
(937, 16, 'Secretario'),
(937, 27, 'Integrante'),
(937, 113, 'Integrante'),
(956, 21, 'Integrante'),
(956, 28, 'Integrante'),
(956, 44, 'Secretario'),
(960, 13, 'Integrante'),
(960, 25, 'Secretario'),
(960, 37, 'Secretario'),
(960, 75, 'Integrante'),
(960, 85, 'Integrante'),
(960, 113, 'Integrante'),
(976, 31, 'Integrante'),
(976, 43, 'Integrante'),
(978, 8, 'Integrante'),
(978, 21, 'Integrante'),
(978, 87, 'Integrante'),
(992, 11, 'Integrante'),
(992, 17, 'Integrante'),
(992, 28, 'Secretario'),
(996, 8, 'Integrante'),
(996, 13, 'Secretario'),
(996, 22, 'Secretario'),
(996, 75, 'Integrante'),
(996, 90, 'Presidente'),
(997, 7, 'Integrante'),
(997, 40, 'Secretario'),
(997, 76, 'Integrante'),
(997, 83, 'Integrante'),
(997, 91, 'Integrante'),
(1001, 27, 'Secretario'),
(1001, 33, 'Integrante'),
(1001, 81, 'Integrante'),
(1001, 120, 'Integrante');

-- --------------------------------------------------------

--
-- Estructura de tabla para la tabla `diputado_has_iniciativa`
--

CREATE TABLE IF NOT EXISTS `diputado_has_iniciativa` (
  `diputado_iddiputado` int(11) NOT NULL,
  `iniciativa_idiniciativa` int(11) NOT NULL,
  `postura` varchar(45) DEFAULT NULL,
  PRIMARY KEY (`diputado_iddiputado`,`iniciativa_idiniciativa`),
  KEY `fk_diputado_has_iniciativa_iniciativa1` (`iniciativa_idiniciativa`),
  KEY `fk_diputado_has_iniciativa_diputado1` (`diputado_iddiputado`)
) ENGINE=InnoDB DEFAULT CHARSET=utf8;

--
-- Volcar la base de datos para la tabla `diputado_has_iniciativa`
--


-- --------------------------------------------------------

--
-- Estructura de tabla para la tabla `diputado_has_legislatura`
--

CREATE TABLE IF NOT EXISTS `diputado_has_legislatura` (
  `diputado_iddiputado` int(11) NOT NULL,
  `legislatura_idlegislatura` int(11) NOT NULL,
  PRIMARY KEY (`diputado_iddiputado`,`legislatura_idlegislatura`),
  KEY `fk_diputado_has_legislatura_legislatura1` (`legislatura_idlegislatura`),
  KEY `fk_diputado_has_legislatura_diputado1` (`diputado_iddiputado`)
) ENGINE=InnoDB DEFAULT CHARSET=utf8;

--
-- Volcar la base de datos para la tabla `diputado_has_legislatura`
--


-- --------------------------------------------------------

--
-- Estructura de tabla para la tabla `distrito`
--

CREATE TABLE IF NOT EXISTS `distrito` (
  `iddistrito` int(11) NOT NULL AUTO_INCREMENT,
  `nombre` varchar(45) DEFAULT NULL,
  `tipo` enum('distrito','circunscripcion') DEFAULT NULL,
  `estado_idestado` int(11) NOT NULL,
  PRIMARY KEY (`iddistrito`),
  KEY `fk_distrito_estado1` (`estado_idestado`)
) ENGINE=InnoDB  DEFAULT CHARSET=utf8 AUTO_INCREMENT=336 ;

--
-- Volcar la base de datos para la tabla `distrito`
--

INSERT INTO `distrito` (`iddistrito`, `nombre`, `tipo`, `estado_idestado`) VALUES
(1, '1', 'distrito', 1),
(2, '2', 'distrito', 1),
(3, '3', 'distrito', 1),
(4, '1', 'distrito', 2),
(5, '2', 'distrito', 2),
(6, '3', 'distrito', 2),
(7, '4', 'distrito', 2),
(8, '5', 'distrito', 2),
(9, '6', 'distrito', 2),
(10, '7', 'distrito', 2),
(11, '8', 'distrito', 2),
(12, '1', 'distrito', 3),
(13, '2', 'distrito', 3),
(14, '1', 'distrito', 4),
(15, '2', 'distrito', 4),
(16, '1', 'distrito', 5),
(17, '2', 'distrito', 5),
(18, '3', 'distrito', 5),
(19, '4', 'distrito', 5),
(20, '5', 'distrito', 5),
(21, '6', 'distrito', 5),
(22, '7', 'distrito', 5),
(23, '1', 'distrito', 6),
(24, '2', 'distrito', 6),
(25, '1', 'distrito', 7),
(26, '2', 'distrito', 7),
(27, '3', 'distrito', 7),
(28, '4', 'distrito', 7),
(29, '5', 'distrito', 7),
(30, '6', 'distrito', 7),
(31, '7', 'distrito', 7),
(32, '8', 'distrito', 7),
(33, '9', 'distrito', 7),
(34, '10', 'distrito', 7),
(35, '11', 'distrito', 7),
(36, '12', 'distrito', 7),
(37, '1', 'distrito', 8),
(38, '2', 'distrito', 8),
(39, '3', 'distrito', 8),
(40, '4', 'distrito', 8),
(41, '5', 'distrito', 8),
(42, '6', 'distrito', 8),
(43, '7', 'distrito', 8),
(44, '8', 'distrito', 8),
(45, '9', 'distrito', 8),
(46, '1', 'distrito', 9),
(47, '2', 'distrito', 9),
(48, '3', 'distrito', 9),
(49, '4', 'distrito', 9),
(50, '5', 'distrito', 9),
(51, '6', 'distrito', 9),
(52, '7', 'distrito', 9),
(53, '8', 'distrito', 9),
(54, '9', 'distrito', 9),
(55, '10', 'distrito', 9),
(56, '11', 'distrito', 9),
(57, '12', 'distrito', 9),
(58, '13', 'distrito', 9),
(59, '14', 'distrito', 9),
(60, '15', 'distrito', 9),
(61, '16', 'distrito', 9),
(62, '17', 'distrito', 9),
(63, '18', 'distrito', 9),
(64, '19', 'distrito', 9),
(65, '20', 'distrito', 9),
(66, '21', 'distrito', 9),
(67, '22', 'distrito', 9),
(68, '23', 'distrito', 9),
(69, '24', 'distrito', 9),
(70, '25', 'distrito', 9),
(71, '26', 'distrito', 9),
(72, '27', 'distrito', 9),
(73, '1', 'distrito', 10),
(74, '2', 'distrito', 10),
(75, '3', 'distrito', 10),
(76, '4', 'distrito', 10),
(77, '1', 'distrito', 11),
(78, '2', 'distrito', 11),
(79, '3', 'distrito', 11),
(80, '4', 'distrito', 11),
(81, '5', 'distrito', 11),
(82, '6', 'distrito', 11),
(83, '7', 'distrito', 11),
(84, '8', 'distrito', 11),
(85, '9', 'distrito', 11),
(86, '10', 'distrito', 11),
(87, '11', 'distrito', 11),
(88, '12', 'distrito', 11),
(89, '13', 'distrito', 11),
(90, '14', 'distrito', 11),
(91, '1', 'distrito', 12),
(92, '2', 'distrito', 12),
(93, '3', 'distrito', 12),
(94, '4', 'distrito', 12),
(95, '5', 'distrito', 12),
(96, '6', 'distrito', 12),
(97, '7', 'distrito', 12),
(98, '8', 'distrito', 12),
(99, '9', 'distrito', 12),
(100, '1', 'distrito', 13),
(101, '2', 'distrito', 13),
(102, '3', 'distrito', 13),
(103, '4', 'distrito', 13),
(104, '5', 'distrito', 13),
(105, '6', 'distrito', 13),
(106, '7', 'distrito', 13),
(107, '1', 'distrito', 14),
(108, '2', 'distrito', 14),
(109, '3', 'distrito', 14),
(110, '4', 'distrito', 14),
(111, '5', 'distrito', 14),
(112, '6', 'distrito', 14),
(113, '7', 'distrito', 14),
(114, '8', 'distrito', 14),
(115, '9', 'distrito', 14),
(116, '10', 'distrito', 14),
(117, '11', 'distrito', 14),
(118, '12', 'distrito', 14),
(119, '13', 'distrito', 14),
(120, '14', 'distrito', 14),
(121, '15', 'distrito', 14),
(122, '16', 'distrito', 14),
(123, '17', 'distrito', 14),
(124, '18', 'distrito', 14),
(125, '19', 'distrito', 14),
(126, '1', 'distrito', 15),
(127, '2', 'distrito', 15),
(128, '3', 'distrito', 15),
(129, '4', 'distrito', 15),
(130, '5', 'distrito', 15),
(131, '6', 'distrito', 15),
(132, '7', 'distrito', 15),
(133, '8', 'distrito', 15),
(134, '9', 'distrito', 15),
(135, '10', 'distrito', 15),
(136, '11', 'distrito', 15),
(137, '12', 'distrito', 15),
(138, '13', 'distrito', 15),
(139, '14', 'distrito', 15),
(140, '15', 'distrito', 15),
(141, '16', 'distrito', 15),
(142, '17', 'distrito', 15),
(143, '18', 'distrito', 15),
(144, '19', 'distrito', 15),
(145, '20', 'distrito', 15),
(146, '21', 'distrito', 15),
(147, '22', 'distrito', 15),
(148, '23', 'distrito', 15),
(149, '24', 'distrito', 15),
(150, '25', 'distrito', 15),
(151, '26', 'distrito', 15),
(152, '27', 'distrito', 15),
(153, '28', 'distrito', 15),
(154, '29', 'distrito', 15),
(155, '30', 'distrito', 15),
(156, '31', 'distrito', 15),
(157, '32', 'distrito', 15),
(158, '33', 'distrito', 15),
(159, '34', 'distrito', 15),
(160, '35', 'distrito', 15),
(161, '36', 'distrito', 15),
(162, '37', 'distrito', 15),
(163, '38', 'distrito', 15),
(164, '39', 'distrito', 15),
(165, '40', 'distrito', 15),
(166, '1', 'distrito', 16),
(167, '2', 'distrito', 16),
(168, '3', 'distrito', 16),
(169, '4', 'distrito', 16),
(170, '5', 'distrito', 16),
(171, '6', 'distrito', 16),
(172, '7', 'distrito', 16),
(173, '8', 'distrito', 16),
(174, '9', 'distrito', 16),
(175, '10', 'distrito', 16),
(176, '11', 'distrito', 16),
(177, '12', 'distrito', 16),
(178, '1', 'distrito', 17),
(179, '2', 'distrito', 17),
(180, '3', 'distrito', 17),
(181, '4', 'distrito', 17),
(182, '5', 'distrito', 17),
(183, '1', 'distrito', 18),
(184, '2', 'distrito', 18),
(185, '3', 'distrito', 18),
(186, '1', 'distrito', 19),
(187, '2', 'distrito', 19),
(188, '3', 'distrito', 19),
(189, '4', 'distrito', 19),
(190, '5', 'distrito', 19),
(191, '6', 'distrito', 19),
(192, '7', 'distrito', 19),
(193, '8', 'distrito', 19),
(194, '9', 'distrito', 19),
(195, '10', 'distrito', 19),
(196, '11', 'distrito', 19),
(197, '12', 'distrito', 19),
(198, '1', 'distrito', 20),
(199, '2', 'distrito', 20),
(200, '3', 'distrito', 20),
(201, '4', 'distrito', 20),
(202, '5', 'distrito', 20),
(203, '6', 'distrito', 20),
(204, '7', 'distrito', 20),
(205, '8', 'distrito', 20),
(206, '9', 'distrito', 20),
(207, '10', 'distrito', 20),
(208, '11', 'distrito', 20),
(209, '1', 'distrito', 21),
(210, '2', 'distrito', 21),
(211, '3', 'distrito', 21),
(212, '4', 'distrito', 21),
(213, '5', 'distrito', 21),
(214, '6', 'distrito', 21),
(215, '7', 'distrito', 21),
(216, '8', 'distrito', 21),
(217, '9', 'distrito', 21),
(218, '10', 'distrito', 21),
(219, '11', 'distrito', 21),
(220, '12', 'distrito', 21),
(221, '13', 'distrito', 21),
(222, '14', 'distrito', 21),
(223, '15', 'distrito', 21),
(224, '16', 'distrito', 21),
(225, '1', 'distrito', 22),
(226, '2', 'distrito', 22),
(227, '3', 'distrito', 22),
(228, '4', 'distrito', 22),
(229, '1', 'distrito', 23),
(230, '2', 'distrito', 23),
(231, '3', 'distrito', 23),
(232, '1', 'distrito', 24),
(233, '2', 'distrito', 24),
(234, '3', 'distrito', 24),
(235, '4', 'distrito', 24),
(236, '5', 'distrito', 24),
(237, '6', 'distrito', 24),
(238, '7', 'distrito', 24),
(239, '1', 'distrito', 25),
(240, '2', 'distrito', 25),
(241, '3', 'distrito', 25),
(242, '4', 'distrito', 25),
(243, '5', 'distrito', 25),
(244, '6', 'distrito', 25),
(245, '7', 'distrito', 25),
(246, '8', 'distrito', 25),
(247, '1', 'distrito', 26),
(248, '2', 'distrito', 26),
(249, '3', 'distrito', 26),
(250, '4', 'distrito', 26),
(251, '5', 'distrito', 26),
(252, '6', 'distrito', 26),
(253, '7', 'distrito', 26),
(254, '1', 'distrito', 27),
(255, '2', 'distrito', 27),
(256, '3', 'distrito', 27),
(257, '4', 'distrito', 27),
(258, '5', 'distrito', 27),
(259, '6', 'distrito', 27),
(260, '1', 'distrito', 28),
(261, '2', 'distrito', 28),
(262, '3', 'distrito', 28),
(263, '4', 'distrito', 28),
(264, '5', 'distrito', 28),
(265, '6', 'distrito', 28),
(266, '7', 'distrito', 28),
(267, '8', 'distrito', 28),
(268, '1', 'distrito', 29),
(269, '2', 'distrito', 29),
(270, '3', 'distrito', 29),
(271, '1', 'distrito', 30),
(272, '2', 'distrito', 30),
(273, '3', 'distrito', 30),
(274, '4', 'distrito', 30),
(275, '5', 'distrito', 30),
(276, '6', 'distrito', 30),
(277, '7', 'distrito', 30),
(278, '8', 'distrito', 30),
(279, '9', 'distrito', 30),
(280, '10', 'distrito', 30),
(281, '11', 'distrito', 30),
(282, '12', 'distrito', 30),
(283, '13', 'distrito', 30),
(284, '14', 'distrito', 30),
(285, '15', 'distrito', 30),
(286, '16', 'distrito', 30),
(287, '17', 'distrito', 30),
(288, '18', 'distrito', 30),
(289, '19', 'distrito', 30),
(290, '20', 'distrito', 30),
(291, '21', 'distrito', 30),
(292, '1', 'distrito', 31),
(293, '2', 'distrito', 31),
(294, '3', 'distrito', 31),
(295, '4', 'distrito', 31),
(296, '5', 'distrito', 31),
(297, '1', 'distrito', 32),
(298, '2', 'distrito', 32),
(299, '3', 'distrito', 32),
(300, '4', 'distrito', 32),
(301, '4', 'circunscripcion', 12),
(302, '4', 'circunscripcion', 9),
(303, '5', 'circunscripcion', 15),
(304, '3', 'circunscripcion', 30),
(305, '1', 'circunscripcion', 26),
(306, '5', 'circunscripcion', 6),
(307, '2', 'circunscripcion', 19),
(308, '1', 'circunscripcion', 10),
(309, '1', 'circunscripcion', 18),
(310, '5', 'circunscripcion', 16),
(311, '2', 'circunscripcion', 28),
(312, '3', 'circunscripcion', 20),
(313, '1', 'circunscripcion', 2),
(314, '2', 'circunscripcion', 1),
(315, '2', 'circunscripcion', 5),
(316, '1', 'circunscripcion', 3),
(317, '5', 'circunscripcion', 13),
(318, '3', 'circunscripcion', 4),
(319, '1', 'circunscripcion', 25),
(320, '3', 'circunscripcion', 7),
(321, '4', 'circunscripcion', 29),
(322, '3', 'circunscripcion', 31),
(323, '2', 'circunscripcion', 22),
(324, '2', 'circunscripcion', 24),
(325, '2', 'circunscripcion', 11),
(326, '1', 'circunscripcion', 14),
(327, '1', 'circunscripcion', 8),
(328, '3', 'circunscripcion', 27),
(329, '4', 'circunscripcion', 21),
(330, '4', 'circunscripcion', 17),
(331, '2', 'circunscripcion', 32),
(332, '3', 'circunscripcion', 23),
(333, '4', 'circunscripcion', 15),
(334, '3', 'circunscripcion', 32),
(335, '4', 'circunscripcion', 25);

-- --------------------------------------------------------

--
-- Estructura de tabla para la tabla `distrito_has_ciudad`
--

CREATE TABLE IF NOT EXISTS `distrito_has_ciudad` (
  `distrito_iddistrito` int(11) NOT NULL,
  `ciudad_idciudad` int(11) NOT NULL,
  `cabecera` tinyint(1) DEFAULT NULL,
  PRIMARY KEY (`distrito_iddistrito`,`ciudad_idciudad`),
  KEY `fk_distrito_has_ciudad_ciudad1` (`ciudad_idciudad`),
  KEY `fk_distrito_has_ciudad_distrito1` (`distrito_iddistrito`)
) ENGINE=InnoDB DEFAULT CHARSET=utf8;

--
-- Volcar la base de datos para la tabla `distrito_has_ciudad`
--

INSERT INTO `distrito_has_ciudad` (`distrito_iddistrito`, `ciudad_idciudad`, `cabecera`) VALUES
(1, 1, 1),
(2, 2, 1),
(3, 2, 1),
(4, 3, 1),
(5, 3, 1),
(6, 4, 1),
(7, 5, 1),
(8, 5, 1),
(9, 5, 1),
(10, 3, 1),
(11, 5, 1),
(12, 6, 1),
(13, 7, 1),
(14, 8, 1),
(15, 9, 1),
(16, 10, 1),
(17, 11, 1),
(18, 12, 1),
(19, 13, 1),
(20, 14, 1),
(21, 14, 1),
(22, 13, 1),
(23, 15, 1),
(24, 16, 1),
(25, 17, 1),
(26, 18, 1),
(27, 19, 1),
(28, 20, 1),
(29, 21, 1),
(30, 22, 1),
(31, 23, 1),
(32, 24, 1),
(33, 22, 1),
(34, 25, 1),
(35, 26, 1),
(36, 27, 1),
(37, 28, 1),
(38, 28, 1),
(39, 28, 1),
(40, 28, 1),
(41, 29, 1),
(42, 30, 1),
(43, 31, 1),
(44, 30, 1),
(45, 32, 1),
(46, 33, 1),
(47, 33, 1),
(48, 33, 1),
(49, 33, 1),
(50, 33, 1),
(51, 33, 1),
(52, 33, 1),
(53, 33, 1),
(54, 33, 1),
(55, 33, 1),
(56, 33, 1),
(57, 33, 1),
(58, 33, 1),
(59, 33, 1),
(60, 33, 1),
(61, 33, 1),
(62, 33, 1),
(63, 33, 1),
(64, 33, 1),
(65, 33, 1),
(66, 33, 1),
(67, 33, 1),
(68, 33, 1),
(69, 33, 1),
(70, 33, 1),
(71, 33, 1),
(72, 33, 1),
(73, 34, 1),
(74, 35, 1),
(75, 36, 1),
(76, 34, 1),
(77, 37, 1),
(78, 38, 1),
(79, 39, 1),
(80, 40, 1),
(81, 39, 1),
(82, 39, 1),
(83, 41, 1),
(84, 42, 1),
(85, 43, 1),
(86, 44, 1),
(87, 45, 1),
(88, 46, 1),
(89, 47, 1),
(90, 48, 1),
(91, 49, 1),
(92, 50, 1),
(93, 51, 1),
(94, 52, 1),
(95, 53, 1),
(96, 54, 1),
(97, 55, 1),
(98, 56, 1),
(99, 52, 1),
(100, 57, 1),
(101, 58, 1),
(102, 59, 1),
(103, 60, 1),
(104, 61, 1),
(105, 62, 1),
(106, 63, 1),
(107, 64, 1),
(108, 65, 1),
(109, 66, 1),
(110, 67, 1),
(111, 68, 1),
(112, 67, 1),
(113, 69, 1),
(114, 70, 1),
(115, 70, 1),
(116, 67, 1),
(117, 70, 1),
(118, 71, 1),
(119, 70, 1),
(120, 70, 1),
(121, 72, 1),
(122, 73, 1),
(123, 74, 1),
(124, 75, 1),
(125, 76, 1),
(126, 77, 1),
(127, 78, 1),
(128, 79, 1),
(129, 80, 1),
(130, 81, 1),
(131, 82, 1),
(132, 83, 1),
(133, 84, 1),
(134, 85, 1),
(135, 86, 1),
(136, 86, 1),
(137, 87, 1),
(138, 86, 1),
(139, 88, 1),
(140, 89, 1),
(141, 86, 1),
(142, 86, 1),
(143, 90, 1),
(144, 89, 1),
(145, 91, 1),
(146, 92, 1),
(147, 92, 1),
(148, 93, 1),
(149, 92, 1),
(150, 94, 1),
(151, 95, 1),
(152, 96, 1),
(153, 97, 1),
(154, 91, 1),
(155, 91, 1),
(156, 91, 1),
(157, 98, 1),
(158, 99, 1),
(159, 95, 1),
(160, 100, 1),
(161, 101, 1),
(162, 102, 1),
(163, 103, 1),
(164, 104, 1),
(165, 105, 1),
(166, 106, 1),
(167, 107, 1),
(168, 108, 1),
(169, 109, 1),
(170, 110, 1),
(171, 111, 1),
(172, 112, 1),
(173, 113, 1),
(174, 114, 1),
(175, 113, 1),
(176, 115, 1),
(177, 116, 1),
(178, 117, 1),
(179, 118, 1),
(180, 119, 1),
(181, 120, 1),
(182, 121, 1),
(183, 122, 1),
(184, 123, 1),
(185, 124, 1),
(186, 125, 1),
(187, 126, 1),
(188, 127, 1),
(189, 128, 1),
(190, 129, 1),
(191, 129, 1),
(192, 129, 1),
(193, 130, 1),
(194, 131, 1),
(195, 129, 1),
(196, 130, 1),
(197, 132, 1),
(198, 133, 1),
(199, 134, 1),
(200, 135, 1),
(201, 136, 1),
(202, 137, 1),
(203, 138, 1),
(204, 139, 1),
(205, 140, 1),
(206, 141, 1),
(207, 142, 1),
(208, 143, 1),
(209, 144, 1),
(210, 145, 1),
(211, 146, 1),
(212, 147, 1),
(213, 148, 1),
(214, 149, 1),
(215, 150, 1),
(216, 151, 1),
(217, 149, 1),
(218, 152, 1),
(219, 149, 1),
(220, 149, 1),
(221, 153, 1),
(222, 154, 1),
(223, 155, 1),
(224, 156, 1),
(225, 157, 1),
(226, 158, 1),
(227, 159, 1),
(228, 159, 1),
(229, 160, 1),
(230, 161, 1),
(231, 162, 1),
(232, 163, 1),
(233, 164, 1),
(234, 165, 1),
(235, 166, 1),
(236, 167, 1),
(237, 167, 1),
(238, 168, 1),
(239, 169, 1),
(240, 170, 1),
(241, 171, 1),
(242, 172, 1),
(243, 173, 1),
(244, 174, 1),
(245, 173, 1),
(246, 174, 1),
(247, 175, 1),
(248, 176, 1),
(249, 177, 1),
(250, 178, 1),
(251, 177, 1),
(252, 179, 1),
(253, 180, 1),
(254, 181, 1),
(255, 182, 1),
(256, 183, 1),
(257, 184, 1),
(258, 185, 1),
(259, 184, 1),
(260, 186, 1),
(261, 187, 1),
(262, 188, 1),
(263, 189, 1),
(264, 190, 1),
(265, 191, 1),
(266, 192, 1),
(267, 193, 1),
(268, 194, 1),
(269, 195, 1),
(270, 196, 1),
(271, 197, 1),
(272, 198, 1),
(273, 199, 1),
(274, 200, 1),
(275, 201, 1),
(276, 202, 1),
(277, 203, 1),
(278, 204, 1),
(279, 205, 1),
(280, 204, 1),
(281, 206, 1),
(282, 200, 1),
(283, 207, 1),
(284, 208, 1),
(285, 209, 1),
(286, 210, 1),
(287, 211, 1),
(288, 212, 1),
(289, 213, 1),
(290, 214, 1),
(291, 215, 1),
(292, 216, 1),
(293, 217, 1),
(294, 218, 1),
(295, 218, 1),
(296, 219, 1),
(297, 220, 1),
(298, 221, 1),
(299, 222, 1),
(300, 223, 1);

-- --------------------------------------------------------

--
-- Estructura de tabla para la tabla `estado`
--

CREATE TABLE IF NOT EXISTS `estado` (
  `idestado` int(11) NOT NULL AUTO_INCREMENT,
  `siglas` varchar(10) DEFAULT NULL,
  `nombre` varchar(60) DEFAULT NULL,
  PRIMARY KEY (`idestado`)
) ENGINE=InnoDB  DEFAULT CHARSET=utf8 AUTO_INCREMENT=33 ;

--
-- Volcar la base de datos para la tabla `estado`
--

INSERT INTO `estado` (`idestado`, `siglas`, `nombre`) VALUES
(1, NULL, 'Aguascalientes'),
(2, NULL, 'Baja California'),
(3, NULL, 'Baja California Sur'),
(4, NULL, 'Campeche'),
(5, NULL, 'Coahuila'),
(6, NULL, 'Colima'),
(7, NULL, 'Chiapas'),
(8, NULL, 'Chihuahua'),
(9, NULL, 'Distrito Federal'),
(10, NULL, 'Durango'),
(11, NULL, 'Guanajuato'),
(12, NULL, 'Guerrero'),
(13, NULL, 'Hidalgo'),
(14, NULL, 'Jalisco'),
(15, NULL, 'Mexico'),
(16, NULL, 'Michoacan'),
(17, NULL, 'Morelos'),
(18, NULL, 'Nayarit'),
(19, NULL, 'Nuevo Leon'),
(20, NULL, 'Oaxaca'),
(21, NULL, 'Puebla'),
(22, NULL, 'Queretaro'),
(23, NULL, 'Quintana Roo'),
(24, NULL, 'San Luis Potosi'),
(25, NULL, 'Sinaloa'),
(26, NULL, 'Sonora'),
(27, NULL, 'Tabasco'),
(28, NULL, 'Tamaulipas'),
(29, NULL, 'Tlaxcala'),
(30, NULL, 'Veracruz'),
(31, NULL, 'Yucatan'),
(32, NULL, 'Zacatecas');

-- --------------------------------------------------------

--
-- Estructura de tabla para la tabla `iniciativa`
--

CREATE TABLE IF NOT EXISTS `iniciativa` (
  `idiniciativa` int(11) NOT NULL AUTO_INCREMENT,
  `nombre` text,
  `sinopsis` text,
  `tipo` enum('iniciativa','propuesta') DEFAULT NULL,
  `fechaPresentacion` date DEFAULT NULL,
  `fechaPublicacion` date DEFAULT NULL,
  `tramite` enum('Pendiente','Aprobada','Desechada','Atendida') DEFAULT NULL,
  `periodo_idperiodo` int(11) NOT NULL,
  `idsistema` int(11) DEFAULT NULL,
  PRIMARY KEY (`idiniciativa`),
  KEY `fk_iniciativa_periodo1` (`periodo_idperiodo`)
) ENGINE=InnoDB DEFAULT CHARSET=utf8 AUTO_INCREMENT=1 ;

--
-- Volcar la base de datos para la tabla `iniciativa`
--


-- --------------------------------------------------------

--
-- Estructura de tabla para la tabla `iniciativa_has_comision`
--

CREATE TABLE IF NOT EXISTS `iniciativa_has_comision` (
  `iniciativa_idiniciativa` int(11) NOT NULL,
  `comision_idcomision` int(11) NOT NULL,
  `postura` enum('principal','opinion') DEFAULT NULL,
  PRIMARY KEY (`iniciativa_idiniciativa`,`comision_idcomision`),
  KEY `fk_iniciativa_has_comision_comision1` (`comision_idcomision`),
  KEY `fk_iniciativa_has_comision_iniciativa1` (`iniciativa_idiniciativa`)
) ENGINE=InnoDB DEFAULT CHARSET=utf8;

--
-- Volcar la base de datos para la tabla `iniciativa_has_comision`
--


-- --------------------------------------------------------

--
-- Estructura de tabla para la tabla `legislatura`
--

CREATE TABLE IF NOT EXISTS `legislatura` (
  `idlegislatura` int(11) NOT NULL AUTO_INCREMENT,
  `nombre` varchar(10) DEFAULT NULL,
  PRIMARY KEY (`idlegislatura`)
) ENGINE=InnoDB DEFAULT CHARSET=utf8 AUTO_INCREMENT=1 ;

--
-- Volcar la base de datos para la tabla `legislatura`
--


-- --------------------------------------------------------

--
-- Estructura de tabla para la tabla `partido`
--

CREATE TABLE IF NOT EXISTS `partido` (
  `idpartido` int(11) NOT NULL AUTO_INCREMENT,
  `siglas` varchar(10) DEFAULT NULL,
  `nombre` varchar(60) DEFAULT NULL,
  PRIMARY KEY (`idpartido`)
) ENGINE=InnoDB  DEFAULT CHARSET=utf8 AUTO_INCREMENT=13 ;

--
-- Volcar la base de datos para la tabla `partido`
--

INSERT INTO `partido` (`idpartido`, `siglas`, `nombre`) VALUES
(1, 'PRI', 'Partido Revolucionario Institucional'),
(2, 'PRD', 'Partido de la Revolución Democrática'),
(3, 'PAN', 'Partido Acción Nacional'),
(4, 'PT', 'Partido del Trabajo'),
(5, 'PVEM', 'Partido Verde Ecologista de México'),
(6, 'MC', 'Movimiento Ciudadano'),
(9, 'SP', 'Sin Partido'),
(12, 'PANAL', 'Partido Nueva Alianza');

-- --------------------------------------------------------

--
-- Estructura de tabla para la tabla `periodo`
--

CREATE TABLE IF NOT EXISTS `periodo` (
  `idperiodo` int(11) NOT NULL AUTO_INCREMENT,
  `periodo` int(11) DEFAULT NULL,
  `nombre` varchar(100) DEFAULT NULL,
  PRIMARY KEY (`idperiodo`)
) ENGINE=InnoDB  DEFAULT CHARSET=utf8 AUTO_INCREMENT=13 ;

--
-- Volcar la base de datos para la tabla `periodo`
--

INSERT INTO `periodo` (`idperiodo`, `periodo`, `nombre`) VALUES
(1, 1, 'Primer Período De Sesiones Ordinarias Del Primer Año'),
(2, 2, 'Primero Receso Del Primer Año'),
(3, 3, 'Segundo Período De Sesiones Ordinarias Del Primer Año'),
(4, 4, 'Segundo Receso Del Primer Año'),
(5, 5, 'Primer Período De Sesiones Ordinarias Del Segundo Año'),
(6, 6, 'Primer Receso Del Segundo Año'),
(7, 7, 'Segundo Período De Sesiones Ordinarias Del Segundo Año'),
(8, 8, 'Segundo Receso Del Segundo Año'),
(9, 9, 'Primer Período De Sesiones Ordinarias Del Tercer Año'),
(10, 10, 'Primer Receso Del Tercer Año'),
(11, 11, 'Segundo Período De Sesiones Ordinarias Del Tercer Año'),
(12, 12, 'Segundo Receso Del Tercer Año');

--
-- Filtros para las tablas descargadas (dump)
--

--
-- Filtros para la tabla `ciudad`
--
ALTER TABLE `ciudad`
  ADD CONSTRAINT `fk_ciudad_estado1` FOREIGN KEY (`estado_idestado`) REFERENCES `estado` (`idestado`) ON DELETE NO ACTION ON UPDATE NO ACTION;

--
-- Filtros para la tabla `diputado`
--
ALTER TABLE `diputado`
  ADD CONSTRAINT `fk_diputado_partido` FOREIGN KEY (`partido_idpartido`) REFERENCES `partido` (`idpartido`) ON DELETE NO ACTION ON UPDATE NO ACTION,
  ADD CONSTRAINT `fk_diputado_distrito1` FOREIGN KEY (`distrito_iddistrito`) REFERENCES `distrito` (`iddistrito`) ON DELETE NO ACTION ON UPDATE NO ACTION;

--
-- Filtros para la tabla `diputado_has_comision`
--
ALTER TABLE `diputado_has_comision`
  ADD CONSTRAINT `fk_diputado_has_comision_diputado1` FOREIGN KEY (`diputado_iddiputado`) REFERENCES `diputado` (`iddiputado`) ON DELETE NO ACTION ON UPDATE NO ACTION,
  ADD CONSTRAINT `fk_diputado_has_comision_comision1` FOREIGN KEY (`comision_idcomision`) REFERENCES `comision` (`idcomision`) ON DELETE NO ACTION ON UPDATE NO ACTION;

--
-- Filtros para la tabla `diputado_has_iniciativa`
--
ALTER TABLE `diputado_has_iniciativa`
  ADD CONSTRAINT `fk_diputado_has_iniciativa_diputado1` FOREIGN KEY (`diputado_iddiputado`) REFERENCES `diputado` (`iddiputado`) ON DELETE NO ACTION ON UPDATE NO ACTION,
  ADD CONSTRAINT `fk_diputado_has_iniciativa_iniciativa1` FOREIGN KEY (`iniciativa_idiniciativa`) REFERENCES `iniciativa` (`idiniciativa`) ON DELETE NO ACTION ON UPDATE NO ACTION;

--
-- Filtros para la tabla `diputado_has_legislatura`
--
ALTER TABLE `diputado_has_legislatura`
  ADD CONSTRAINT `fk_diputado_has_legislatura_diputado1` FOREIGN KEY (`diputado_iddiputado`) REFERENCES `diputado` (`iddiputado`) ON DELETE NO ACTION ON UPDATE NO ACTION,
  ADD CONSTRAINT `fk_diputado_has_legislatura_legislatura1` FOREIGN KEY (`legislatura_idlegislatura`) REFERENCES `legislatura` (`idlegislatura`) ON DELETE NO ACTION ON UPDATE NO ACTION;

--
-- Filtros para la tabla `distrito`
--
ALTER TABLE `distrito`
  ADD CONSTRAINT `fk_distrito_estado1` FOREIGN KEY (`estado_idestado`) REFERENCES `estado` (`idestado`) ON DELETE NO ACTION ON UPDATE NO ACTION;

--
-- Filtros para la tabla `distrito_has_ciudad`
--
ALTER TABLE `distrito_has_ciudad`
  ADD CONSTRAINT `fk_distrito_has_ciudad_ciudad1` FOREIGN KEY (`ciudad_idciudad`) REFERENCES `ciudad` (`idciudad`) ON DELETE NO ACTION ON UPDATE NO ACTION,
  ADD CONSTRAINT `fk_distrito_has_ciudad_distrito1` FOREIGN KEY (`distrito_iddistrito`) REFERENCES `distrito` (`iddistrito`) ON DELETE NO ACTION ON UPDATE NO ACTION;

--
-- Filtros para la tabla `iniciativa`
--
ALTER TABLE `iniciativa`
  ADD CONSTRAINT `fk_iniciativa_periodo1` FOREIGN KEY (`periodo_idperiodo`) REFERENCES `periodo` (`idperiodo`) ON DELETE NO ACTION ON UPDATE NO ACTION;

--
-- Filtros para la tabla `iniciativa_has_comision`
--
ALTER TABLE `iniciativa_has_comision`
  ADD CONSTRAINT `fk_iniciativa_has_comision_comision1` FOREIGN KEY (`comision_idcomision`) REFERENCES `comision` (`idcomision`) ON DELETE NO ACTION ON UPDATE NO ACTION,
  ADD CONSTRAINT `fk_iniciativa_has_comision_iniciativa1` FOREIGN KEY (`iniciativa_idiniciativa`) REFERENCES `iniciativa` (`idiniciativa`) ON DELETE NO ACTION ON UPDATE NO ACTION;
